Year,Make,Model,NewUsed,ExteriorColor,InteriorColor,Trim,Transmission,VIN,SellingPrice,Miles,VehicleDescription,Certified,EPACity,EPAHighway,ImageList,car_details_link,features
2023,Chevrolet,Traverse,USED,Summit White,Jet Black,FWD 4dr Premier,Automatic,1GNERKKW5PJ188938,41816,20337,"CARFAX One-Owner. Clean CARFAX. Summit White 2023 Chevrolet Traverse Premier FWD 9-Speed Automatic 3.6L V6 SIDI VVT Factory Certified, Automatic temperature control, Dual SkyScape 2-Panel Power Sunroof, Exterior Parking Camera Rear, Front dual zone A/C, Heated 2nd Row Outboard Position Seats, Heated Driver & Front Passenger Seats, Navigation System, Power Liftgate, Preferred Equipment Group 1LZ, Steering wheel mounted audio controls, Telescoping steering wheel, Tilt steering wheel, Ventilated Driver & Front Passenger Seats, Wheels: 20 Metallic Machined-Face Aluminum.Recent Arrival! 18/27 City/Highway MPGIf you have any questions or would like some general information about financing or would like a price quote on a new or used vehicle please call.",False,18,27,https://content.homenetiol.com/2000466/2078700/640x480/2ec2b096fc6a49f095f671b874a9a256.jpg,https://www.goschchevy.com/inventory/1GNERKKW5PJ188938/,"Traverse tames family chaos with its cavernous comfort, powerful towing muscle, and tech-fueled safety, all wrapped in a rugged, adventure-ready SUV. ????"
2023,Chevrolet,Silverado 1500,USED,Black,Jet Black,"2WD Crew Cab 147"" LT",Automatic,3GCPACEK6PG255863,39849,12029,"CARFAX One-Owner. Clean CARFAX. Black 2023 Chevrolet Silverado 1500 LT RWD 8-Speed Automatic 2.7L Turbo 8-Speed Automatic, Black Cloth.If you have any questions or would like some general information about financing or would like a price quote on a new or used vehicle please call.",False,19,22,https://content.homenetiol.com/2000466/2078700/640x480/8cb6a970fc0d447aa362ca15ce2a819a.jpg,https://www.goschchevy.com/inventory/3GCPACEK6PG255863/,"Chevrolet Silverado is a great truck that is known for its durability, power, capability, and comfort. It is a popular choice for both work and recreation, and it is a great option for those who are looking for a truck that can handle anything they throw at it."
2023,Chevrolet,Silverado 1500,USED,Radiant Red Tintcoat,Jet Black,"2WD Crew Cab 147"" LT",Automatic,1GCPACED6PZ171494,45555,16121,"CARFAX One-Owner. Clean CARFAX. Radiant Red Tintcoat 2023 Chevrolet Silverado 1500 LT RWD 10-Speed Automatic EcoTec3 5.3L V8 10-Way Power Driver Seat w/Lumbar, 12.3 Multicolor Reconfigurable Digital Display, 120-Volt Bed Mounted Power Outlet, 120-Volt Instrument Panel Power Outlet, All-Star Edition, Auto-Locking Rear Differential, BluetoothÂ® For Phone, Chevrolet Connected Access Capable, Chrome Mirror Caps, Color-Keyed Carpeting Floor Covering, Compass, Convenience Package, Deep-Tinted Glass, Dual Rear USB Ports (Charge Only), Dual-Zone Automatic Climate Control, Electric Rear-Window Defogger, Electrical Steering Column Lock, Electronic Cruise Control, EZ Lift Power Lock & Release Tailgate, Front Rubberized Vinyl Floor Mats, HD Rear Vision Camera, Heated Driver & Front Outboard Passenger Seats, Heated Power-Adjustable Outside Mirrors, Heated Steering Wheel, Hitch Guidance, Inside Rear-View Mirror w/Tilt, Keyless Open & Start, LED Cargo Area Lighting, OnStar & Chevrolet Connected Services Capable, Power Front Windows w/Driver Express Up/Down, Power Front Windows w/Passenger Express Down, Power Rear Windows w/Express Down, Preferred Equipment Group 1LT, Rear 60/40 Folding Bench Seat (Folds Up), Rear Rubberized-Vinyl Floor Mats, Remote Start Package, Remote Vehicle Starter System, SiriusXM w/360L, Standard Suspension Package, Standard Tailgate, Steering Wheel Audio Controls, Theft Deterrent System (Unauthorized Entry), Trailering Package, Wheels: 17 x 8 Bright Silver Painted Aluminum, Wi-Fi Hot Spot Capable, Wireless Phone Projection, Wrapped Steering Wheel.Recent Arrival!If you have any questions or would like some general information about financing or would like a price quote on a new or used vehicle please call.",False,17,21,https://content.homenetiol.com/2000466/2078700/640x480/531c0c86194d49aaa052dc0ec70660ee.jpg,https://www.goschchevy.com/inventory/1GCPACED6PZ171494/,"Chevrolet Silverado is a great truck that is known for its durability, power, capability, and comfort. It is a popular choice for both work and recreation, and it is a great option for those who are looking for a truck that can handle anything they throw at it."
2023,Chevrolet,Blazer,NEW,Sterling Gray Metallic,Jet Black,FWD 4dr Premier,Automatic,3GNKBFR40PS196916,43331,49,,False,22,29,https://content.homenetiol.com/2000466/2078700/640x480/4fc6eff3990b43eda2db53d20d6882dc.jpg,https://www.goschchevy.com/inventory/3GNKBFR40PS196916/,"Blazer boasts powerful engines, agile handling, spacious comfort, tech-savvy features, and safety options, making it a versatile SUV for adventure seekers."
2023,Chevrolet,Blazer,NEW,Sterling Gray Metallic,Jet Black,FWD 4dr Premier,Automatic,3GNKBFR44PS218996,43462,36,,False,22,29,https://content.homenetiol.com/2000466/2078700/640x480/f8d4d2b5c6fd44699010a7a1c65f5b4b.jpg,https://www.goschchevy.com/inventory/3GNKBFR44PS218996/,"Blazer boasts powerful engines, agile handling, spacious comfort, tech-savvy features, and safety options, making it a versatile SUV for adventure seekers."
2024,Chevrolet,Silverado 1500,NEW,Summit White,Jet Black,"2WD Double Cab 147"" Custom",Automatic,1GCRABEK3RZ117087,42240,9,,False,19,22,https://content.homenetiol.com/2000466/2078700/640x480/e8c4a1440f9b46da80cf2316379bb8aa.jpg,https://www.goschchevy.com/inventory/1GCRABEK3RZ117087/,"Chevrolet Silverado is a great truck that is known for its durability, power, capability, and comfort. It is a popular choice for both work and recreation, and it is a great option for those who are looking for a truck that can handle anything they throw at it."
2024,Chevrolet,Silverado 1500,NEW,Summit White,Jet Black,"2WD Crew Cab 147"" LT",Automatic,1GCPACEDXRZ120972,55140,5,,False,17,21,https://content.homenetiol.com/2000466/2078700/640x480/98491bd0e49e4c47acc625a996d851fd.jpg,https://www.goschchevy.com/inventory/1GCPACEDXRZ120972/,"Chevrolet Silverado is a great truck that is known for its durability, power, capability, and comfort. It is a popular choice for both work and recreation, and it is a great option for those who are looking for a truck that can handle anything they throw at it."
2024,Chevrolet,Malibu,NEW,Mineral Gray Metallic,Jet Black,4dr Sdn 1LT,Automatic,1G1ZD5ST0RF108041,29195,2,,False,27,35,https://content.homenetiol.com/2000466/2078700/640x480/f79e8b20b6c24ccfbbd92eaadb401c71.jpg,https://www.goschchevy.com/inventory/1G1ZD5ST0RF108041/,"a choice between efficient hybrid and potent gasoline engines, spacious comfort features, and advanced technology, making it a stylish sedan for everyday journeys."
2024,Chevrolet,Silverado 1500,NEW,Summit White,Jet Black,"2WD Crew Cab 147"" LT",Automatic,1GCPACED4RZ120885,55140,3,,False,17,21,https://content.homenetiol.com/2000466/2078700/640x480/724f9e6601a046c5873f70ab74c4e955.jpg,https://www.goschchevy.com/inventory/1GCPACED4RZ120885/,"Chevrolet Silverado is a great truck that is known for its durability, power, capability, and comfort. It is a popular choice for both work and recreation, and it is a great option for those who are looking for a truck that can handle anything they throw at it."
2024,Chevrolet,Malibu,NEW,Mineral Gray Metallic,Jet Black,4dr Sdn 1LT,Automatic,1G1ZD5STXRF108063,29195,2,,False,27,35,https://content.homenetiol.com/2000466/2078700/640x480/8806021698bd46e493cb51b85b33d107.jpg,https://www.goschchevy.com/inventory/1G1ZD5STXRF108063/,"a choice between efficient hybrid and potent gasoline engines, spacious comfort features, and advanced technology, making it a stylish sedan for everyday journeys."
2024,Chevrolet,Silverado 1500,NEW,Summit White,Jet Black,"2WD Crew Cab 147"" LT",Automatic,1GCPACEDXRZ127484,55240,5,,False,17,21,https://content.homenetiol.com/2000466/2078700/640x480/2b6cf2c235a74550b4e914c942a59466.jpg,https://www.goschchevy.com/inventory/1GCPACEDXRZ127484/,"Chevrolet Silverado is a great truck that is known for its durability, power, capability, and comfort. It is a popular choice for both work and recreation, and it is a great option for those who are looking for a truck that can handle anything they throw at it."
2024,Chevrolet,Malibu,NEW,Mineral Gray Metallic,Jet Black,4dr Sdn 1LT,Automatic,1G1ZD5ST2RF118506,29195,2,,False,27,35,https://content.homenetiol.com/2000466/2078700/640x480/672bc5b9e1494e4892c678ef8a2d7271.jpg,https://www.goschchevy.com/inventory/1G1ZD5ST2RF118506/,"a choice between efficient hybrid and potent gasoline engines, spacious comfort features, and advanced technology, making it a stylish sedan for everyday journeys."
2024,Chevrolet,Silverado 1500,NEW,Summit White,Jet Black,"2WD Crew Cab 147"" LT",Automatic,1GCPACED5RZ127537,55240,7,,False,17,21,https://content.homenetiol.com/2000466/2078700/640x480/3f670202490b477688d86c9b07c06dec.jpg,https://www.goschchevy.com/inventory/1GCPACED5RZ127537/,"Chevrolet Silverado is a great truck that is known for its durability, power, capability, and comfort. It is a popular choice for both work and recreation, and it is a great option for those who are looking for a truck that can handle anything they throw at it."
2023,Chevrolet,Traverse,NEW,Summit White,Jet Black,AWD 4dr Premier,Automatic,1GNEVKKW0PJ311394,45728,21,,False,17,25,https://content.homenetiol.com/2000466/2078700/640x480/c0f166113b8b47bdadddfaaab5351709.jpg,https://www.goschchevy.com/inventory/1GNEVKKW0PJ311394/,"Traverse tames family chaos with its cavernous comfort, powerful towing muscle, and tech-fueled safety, all wrapped in a rugged, adventure-ready SUV. ????"
2024,Chevrolet,Silverado 1500,NEW,Radiant Red Tintcoat,Jet Black,"4WD Crew Cab 157"" RST",Automatic,1GCUDEEL6RZ146059,75815,6,,False,14,20,https://content.homenetiol.com/2000466/2078700/640x480/d53e7be829fe4918bcf43fb4aecf39c7.jpg,https://www.goschchevy.com/inventory/1GCUDEEL6RZ146059/,"Chevrolet Silverado is a great truck that is known for its durability, power, capability, and comfort. It is a popular choice for both work and recreation, and it is a great option for those who are looking for a truck that can handle anything they throw at it."
2022,Chevrolet,Malibu,USED,Mineral Gray Metallic,Dark Atmosphere/ Medium Ash Gray,4dr Sdn LT,Automatic,1G1ZD5ST4NF152912,16399,40862,"Prior Rental. CARFAX One-Owner. Clean CARFAX. Mineral Gray Metallic 2022 Chevrolet Malibu LT FWD CVT 1.5L DOHC Prior Rental, Factory Certified, 17 Aluminum Wheels, Automatic temperature control, Exterior Parking Camera Rear, Front dual zone A/C, Preferred Equipment Group 1LT, Steering wheel mounted audio controls, Telescoping steering wheel, Tilt steering wheel.29/36 City/Highway MPGIf you have any questions or would like some general information about financing or would like a price quote on a new or used vehicle please call.",False,29,36,https://content.homenetiol.com/2000466/2078700/640x480/5cd5dc32a84d4f0583a269fcb9b994b6.jpg,https://www.goschchevy.com/inventory/1G1ZD5ST4NF152912/,"a choice between efficient hybrid and potent gasoline engines, spacious comfort features, and advanced technology, making it a stylish sedan for everyday journeys."
2023,Chevrolet,Traverse,NEW,Summit White,Jet Black,AWD 4dr Premier,Automatic,1GNEVKKW5PJ320625,45728,5,,False,17,25,https://content.homenetiol.com/2000466/2078700/640x480/c9c79ee452c2499cb2ae73f044f58af7.jpg,https://www.goschchevy.com/inventory/1GNEVKKW5PJ320625/,"Traverse tames family chaos with its cavernous comfort, powerful towing muscle, and tech-fueled safety, all wrapped in a rugged, adventure-ready SUV. ????"
2023,Chevrolet,Traverse,NEW,Summit White,Jet Black,AWD 4dr Premier,Automatic,1GNEVKKW6PJ311545,45728,4,,False,17,25,https://content.homenetiol.com/2000466/2078700/640x480/e3b10be7dcee4545b92148269612ea76.jpg,https://www.goschchevy.com/inventory/1GNEVKKW6PJ311545/,"Traverse tames family chaos with its cavernous comfort, powerful towing muscle, and tech-fueled safety, all wrapped in a rugged, adventure-ready SUV. ????"
2024,Chevrolet,Silverado 1500,NEW,Summit White,Jet Black,"2WD Crew Cab 157"" LT",Automatic,3GCPACED8RG107931,57495,13,,False,17,21,https://content.homenetiol.com/2000466/2078700/640x480/99aa0431cc7b4a378d1418e832c8fc9c.jpg,https://www.goschchevy.com/inventory/3GCPACED8RG107931/,"Chevrolet Silverado is a great truck that is known for its durability, power, capability, and comfort. It is a popular choice for both work and recreation, and it is a great option for those who are looking for a truck that can handle anything they throw at it."
2024,Chevrolet,Silverado 1500,NEW,Black,Jet Black,"4WD Crew Cab 147"" Custom Trail Boss",Automatic,3GCUDCED5RG115379,66070,9,,False,16,20,https://content.homenetiol.com/2000466/2078700/640x480/a7f64fd6b07540218e1c7d5baa8fe048.jpg,https://www.goschchevy.com/inventory/3GCUDCED5RG115379/,"Chevrolet Silverado is a great truck that is known for its durability, power, capability, and comfort. It is a popular choice for both work and recreation, and it is a great option for those who are looking for a truck that can handle anything they throw at it."
2024,Chevrolet,Silverado 1500,NEW,Summit White,Jet Black,"2WD Crew Cab 157"" LT",Automatic,3GCPACED7RG103742,57345,9,,False,17,21,https://content.homenetiol.com/2000466/2078700/640x480/04554e3a10614b28953c0830a94a4107.jpg,https://www.goschchevy.com/inventory/3GCPACED7RG103742/,"Chevrolet Silverado is a great truck that is known for its durability, power, capability, and comfort. It is a popular choice for both work and recreation, and it is a great option for those who are looking for a truck that can handle anything they throw at it."
2024,Chevrolet,Silverado 1500,NEW,Summit White,Jet Black,"2WD Crew Cab 157"" LT",Automatic,3GCPACEDXRG103749,57345,12,,False,17,21,https://content.homenetiol.com/2000466/2078700/640x480/9a27a9099c43433c82b6625276f4838f.jpg,https://www.goschchevy.com/inventory/3GCPACEDXRG103749/,"Chevrolet Silverado is a great truck that is known for its durability, power, capability, and comfort. It is a popular choice for both work and recreation, and it is a great option for those who are looking for a truck that can handle anything they throw at it."
2024,Chevrolet,Equinox,NEW,Summit White,Medium Ash Gray,FWD 4dr LS w/1LS,Automatic,3GNAXHEG4RL138703,28220,8,,False,26,31,https://content.homenetiol.com/2000466/2078700/640x480/1eb2710961314ba68f0754618bdf7fc5.jpg,https://www.goschchevy.com/inventory/3GNAXHEG4RL138703/,"Stylishly spacious SUV, zips through commutes, fuels weekend escapes, versatile enough for family adventures, hints of sporty fun when unleashed."
2024,Chevrolet,Silverado 1500,NEW,Black,Jet Black,"4WD Crew Cab 147"" High Country",Automatic,2GCUDJED6R1130826,77090,63,,False,16,20,https://content.homenetiol.com/2000466/2078700/640x480/f877a08c7b114ee1ab06187884c6c097.jpg,https://www.goschchevy.com/inventory/2GCUDJED6R1130826/,"Chevrolet Silverado is a great truck that is known for its durability, power, capability, and comfort. It is a popular choice for both work and recreation, and it is a great option for those who are looking for a truck that can handle anything they throw at it."
2024,Chevrolet,Silverado 1500,NEW,Sterling Gray Metallic,Jet Black,"2WD Crew Cab 157"" LT",Automatic,1GCPACED1RZ148174,56380,4,,False,17,21,https://content.homenetiol.com/2000466/2078700/640x480/a977e16cc81c45adbd2021de16098e5f.jpg,https://www.goschchevy.com/inventory/1GCPACED1RZ148174/,"Chevrolet Silverado is a great truck that is known for its durability, power, capability, and comfort. It is a popular choice for both work and recreation, and it is a great option for those who are looking for a truck that can handle anything they throw at it."
2024,Chevrolet,Silverado 1500,NEW,Summit White,Jet Black,"2WD Crew Cab 157"" LT",Automatic,3GCPACED0RG107955,55540,6,,False,17,21,https://content.homenetiol.com/2000466/2078700/640x480/c1ff0798020341528c69d6203488de75.jpg,https://www.goschchevy.com/inventory/3GCPACED0RG107955/,"Chevrolet Silverado is a great truck that is known for its durability, power, capability, and comfort. It is a popular choice for both work and recreation, and it is a great option for those who are looking for a truck that can handle anything they throw at it."
2024,Chevrolet,Silverado 1500,NEW,Summit White,Jet Black,"2WD Crew Cab 157"" LT",Automatic,3GCPACED1RG108158,55540,12,,False,17,21,https://content.homenetiol.com/2000466/2078700/640x480/43592aced67f41a6bdd0f2294079f100.jpg,https://www.goschchevy.com/inventory/3GCPACED1RG108158/,"Chevrolet Silverado is a great truck that is known for its durability, power, capability, and comfort. It is a popular choice for both work and recreation, and it is a great option for those who are looking for a truck that can handle anything they throw at it."
2024,Chevrolet,Silverado 1500,NEW,Summit White,Jet Black,"2WD Crew Cab 157"" LT",Automatic,3GCPACED3RG108176,55540,12,,False,17,21,https://content.homenetiol.com/2000466/2078700/640x480/f4ca00530bfd4504b0d97766963614b0.jpg,https://www.goschchevy.com/inventory/3GCPACED3RG108176/,"Chevrolet Silverado is a great truck that is known for its durability, power, capability, and comfort. It is a popular choice for both work and recreation, and it is a great option for those who are looking for a truck that can handle anything they throw at it."
2024,Chevrolet,Silverado 1500,NEW,Summit White,Jet Black,"2WD Crew Cab 157"" LT",Automatic,3GCPACED9RG107937,55540,10,,False,17,21,https://content.homenetiol.com/2000466/2078700/640x480/6431f0113f08406c985e1ac899ec5f6e.jpg,https://www.goschchevy.com/inventory/3GCPACED9RG107937/,"Chevrolet Silverado is a great truck that is known for its durability, power, capability, and comfort. It is a popular choice for both work and recreation, and it is a great option for those who are looking for a truck that can handle anything they throw at it."
2024,Chevrolet,Equinox,NEW,Mosaic Black Metallic,Medium Ash Gray,FWD 4dr LS w/1LS,Automatic,3GNAXHEG4RL159521,29030,10,,False,26,31,https://content.homenetiol.com/2000466/2078700/640x480/7543afbc654e424f974dd5ab34937134.jpg,https://www.goschchevy.com/inventory/3GNAXHEG4RL159521/,"Stylishly spacious SUV, zips through commutes, fuels weekend escapes, versatile enough for family adventures, hints of sporty fun when unleashed."
2024,Chevrolet,Equinox,NEW,Mosaic Black Metallic,Medium Ash Gray,FWD 4dr LS w/1LS,Automatic,3GNAXHEG8RL155553,29030,10,,False,26,31,https://content.homenetiol.com/2000466/2078700/640x480/b2ecb7250650458a8172d1d477b2b327.jpg,https://www.goschchevy.com/inventory/3GNAXHEG8RL155553/,"Stylishly spacious SUV, zips through commutes, fuels weekend escapes, versatile enough for family adventures, hints of sporty fun when unleashed."
2024,Chevrolet,Equinox,NEW,Mosaic Black Metallic,Medium Ash Gray,FWD 4dr LS w/1LS,Automatic,3GNAXHEG8RL159537,29030,9,,False,26,31,https://content.homenetiol.com/2000466/2078700/640x480/48fad69f2d7f41dc9a1084087197030e.jpg,https://www.goschchevy.com/inventory/3GNAXHEG8RL159537/,"Stylishly spacious SUV, zips through commutes, fuels weekend escapes, versatile enough for family adventures, hints of sporty fun when unleashed."
2024,Chevrolet,Silverado 1500,NEW,Summit White,Jet Black,"2WD Crew Cab 157"" LT",Automatic,3GCPACED5RG104050,65340,8,,False,17,21,https://content.homenetiol.com/2000466/2078700/640x480/abbe5413b75c4e77972695c5eef3cf67.jpg,https://www.goschchevy.com/inventory/3GCPACED5RG104050/,"Chevrolet Silverado is a great truck that is known for its durability, power, capability, and comfort. It is a popular choice for both work and recreation, and it is a great option for those who are looking for a truck that can handle anything they throw at it."
2024,Chevrolet,Silverado 1500,NEW,Summit White,Jet Black,"2WD Crew Cab 157"" LT",Automatic,3GCPACED6RG104039,57345,10,,False,17,21,https://content.homenetiol.com/2000466/2078700/640x480/eb39326c46d54f179a20474c2cd4a26f.jpg,https://www.goschchevy.com/inventory/3GCPACED6RG104039/,"Chevrolet Silverado is a great truck that is known for its durability, power, capability, and comfort. It is a popular choice for both work and recreation, and it is a great option for those who are looking for a truck that can handle anything they throw at it."
2024,Chevrolet,Silverado 1500,NEW,Summit White,Jet Black,"2WD Crew Cab 157"" LT",Automatic,3GCPACEDXRG104044,57345,8,,False,17,21,https://content.homenetiol.com/2000466/2078700/640x480/33201b8ec58b45819b267790f0aed4a0.jpg,https://www.goschchevy.com/inventory/3GCPACEDXRG104044/,"Chevrolet Silverado is a great truck that is known for its durability, power, capability, and comfort. It is a popular choice for both work and recreation, and it is a great option for those who are looking for a truck that can handle anything they throw at it."
2024,Chevrolet,Silverado 1500,NEW,Summit White,Jet Black,"2WD Crew Cab 157"" LT",Automatic,3GCPACED5RG108163,55540,11,,False,17,21,https://content.homenetiol.com/2000466/2078700/640x480/acbb3307bc8140b3b5e44397a36bf89b.jpg,https://www.goschchevy.com/inventory/3GCPACED5RG108163/,"Chevrolet Silverado is a great truck that is known for its durability, power, capability, and comfort. It is a popular choice for both work and recreation, and it is a great option for those who are looking for a truck that can handle anything they throw at it."
2024,Chevrolet,Silverado 1500,NEW,Summit White,Jet Black,"2WD Double Cab 147"" Custom",Automatic,1GCRABEK9RZ166052,45495,2,,False,19,22,https://content.homenetiol.com/2000466/2078700/640x480/18365716a6d34cdea7a73a35d9da1acc.jpg,https://www.goschchevy.com/inventory/1GCRABEK9RZ166052/,"Chevrolet Silverado is a great truck that is known for its durability, power, capability, and comfort. It is a popular choice for both work and recreation, and it is a great option for those who are looking for a truck that can handle anything they throw at it."
2024,Chevrolet,Camaro,NEW,Vivid Orange Metallic,Jet Black,2dr Conv 3LT,Manual,1G1FD3DS8R0106066,46485,2,,False,18,29,https://content.homenetiol.com/2000466/2078700/640x480/2c7249ce98a748babeab517ff0e72e94.jpg,https://www.goschchevy.com/inventory/1G1FD3DS8R0106066/,"Untamed American muscle, roars through corners with heart-pounding thrills, a head-turning silhouette that screams pure driving exhilaration."
2024,Chevrolet,Silverado 1500,NEW,Summit White,Jet Black,"2WD Crew Cab 147"" Custom",Automatic,1GCPABEK2RZ172654,48190,5,,False,19,22,https://content.homenetiol.com/2000466/2078700/640x480/f1ae02282c2045d58b0d76c059ac639a.jpg,https://www.goschchevy.com/inventory/1GCPABEK2RZ172654/,"Chevrolet Silverado is a great truck that is known for its durability, power, capability, and comfort. It is a popular choice for both work and recreation, and it is a great option for those who are looking for a truck that can handle anything they throw at it."
2024,Chevrolet,Silverado 1500,NEW,Sterling Gray Metallic,Jet Black,"2WD Crew Cab 157"" LT",Automatic,1GCPACED0RZ148117,56380,2,,False,17,21,https://content.homenetiol.com/2000466/2078700/640x480/757b9696449e4ecaac0a164cdc424237.jpg,https://www.goschchevy.com/inventory/1GCPACED0RZ148117/,"Chevrolet Silverado is a great truck that is known for its durability, power, capability, and comfort. It is a popular choice for both work and recreation, and it is a great option for those who are looking for a truck that can handle anything they throw at it."
2024,Chevrolet,Silverado 1500,NEW,Sterling Gray Metallic,Jet Black,"2WD Crew Cab 157"" LT",Automatic,1GCPACED5RZ148291,56380,2,,False,17,21,https://content.homenetiol.com/2000466/2078700/640x480/ecc835e74d074bf58687141f1e1d9874.jpg,https://www.goschchevy.com/inventory/1GCPACED5RZ148291/,"Chevrolet Silverado is a great truck that is known for its durability, power, capability, and comfort. It is a popular choice for both work and recreation, and it is a great option for those who are looking for a truck that can handle anything they throw at it."
2024,Chevrolet,Silverado 1500,NEW,Summit White,Jet Black,"4WD Double Cab 147"" Custom",Automatic,1GCRDBEK4RZ151918,48795,2,,False,18,21,https://content.homenetiol.com/2000466/2078700/640x480/b9f52b74d6ad4b78a7b83cce56c6438e.jpg,https://www.goschchevy.com/inventory/1GCRDBEK4RZ151918/,"Chevrolet Silverado is a great truck that is known for its durability, power, capability, and comfort. It is a popular choice for both work and recreation, and it is a great option for those who are looking for a truck that can handle anything they throw at it."
2024,Chevrolet,Silverado 1500,NEW,Summit White,Jet Black,"4WD Double Cab 147"" Custom",Automatic,1GCRDBEK8RZ162727,56790,2,,False,18,21,https://content.homenetiol.com/2000466/2078700/640x480/cc333a18a6d64d42bd525939705891ec.jpg,https://www.goschchevy.com/inventory/1GCRDBEK8RZ162727/,"Chevrolet Silverado is a great truck that is known for its durability, power, capability, and comfort. It is a popular choice for both work and recreation, and it is a great option for those who are looking for a truck that can handle anything they throw at it."
2024,Chevrolet,Silverado 1500,NEW,Black,Jet Black,"4WD Crew Cab 147"" LTZ",Automatic,1GCUDGEL3RZ152056,66635,2,,False,14,20,https://content.homenetiol.com/2000466/2078700/640x480/a18695345ccd41cd8201df89a9f7f7ab.jpg,https://www.goschchevy.com/inventory/1GCUDGEL3RZ152056/,"Chevrolet Silverado is a great truck that is known for its durability, power, capability, and comfort. It is a popular choice for both work and recreation, and it is a great option for those who are looking for a truck that can handle anything they throw at it."
2024,Chevrolet,Silverado 1500,NEW,Red Hot,Jet Black,"2WD Crew Cab 157"" LT",Automatic,3GCPACED0RG126800,55815,2,,False,17,21,https://content.homenetiol.com/2000466/2078700/640x480/714b7c4149ed41118e125a2b76cd759c.jpg,https://www.goschchevy.com/inventory/3GCPACED0RG126800/,"Chevrolet Silverado is a great truck that is known for its durability, power, capability, and comfort. It is a popular choice for both work and recreation, and it is a great option for those who are looking for a truck that can handle anything they throw at it."
2024,Chevrolet,Camaro,NEW,Sharkskin Metallic,Jet Black,2dr Conv 1LT,Manual,1G1FB3DS1R0116010,40090,3,,False,18,29,https://content.homenetiol.com/2000466/2078700/640x480/f68843c79c3840feb4e88b8d33565fc4.jpg,https://www.goschchevy.com/inventory/1G1FB3DS1R0116010/,"Untamed American muscle, roars through corners with heart-pounding thrills, a head-turning silhouette that screams pure driving exhilaration."
2022,Buick,Envision,USED,Summit White,Ebony seats,FWD 4dr Essence,Automatic,LRBFZNR47ND043543,26599,20689,Clean CARFAX. Summit White 2022 Buick Envision Essence FWD 9-Speed Automatic 2.0L TurbochargedRecent Arrival! 24/31 City/Highway MPGIf you have any questions or would like some general information about financing or would like a price quote on a new or used vehicle please call.,False,24,31,https://content.homenetiol.com/2000466/2078700/640x480/e31c872a95c54a8a8d5dc3e67b0094a4.jpg,https://www.goschchevy.com/inventory/LRBFZNR47ND043543/,"
Buick Envision turns heads with sleek lines and a refined grille, offering modern luxury in a compact SUV package. While not a thrill-seeker, its smooth and quiet ride prioritizes comfort and confidence on the road."
2024,Chevrolet,Silverado 1500,NEW,Summit White,Jet Black,"2WD Crew Cab 147"" Custom",Automatic,1GCPABEK0RZ194202,48590,2,,False,19,22,https://content.homenetiol.com/2000466/2078700/640x480/37cfb007b5aa4b3b872c09af15ac0b96.jpg,https://www.goschchevy.com/inventory/1GCPABEK0RZ194202/,"Chevrolet Silverado is a great truck that is known for its durability, power, capability, and comfort. It is a popular choice for both work and recreation, and it is a great option for those who are looking for a truck that can handle anything they throw at it."
2024,Chevrolet,Silverado 1500,NEW,Summit White,Jet Black,"2WD Double Cab 147"" Custom",Automatic,1GCRABEKXRZ187265,45495,2,,False,19,22,https://content.homenetiol.com/2000466/2078700/640x480/5dd84eda8ce8424fb399d8a4b25f30ce.jpg,https://www.goschchevy.com/inventory/1GCRABEKXRZ187265/,"Chevrolet Silverado is a great truck that is known for its durability, power, capability, and comfort. It is a popular choice for both work and recreation, and it is a great option for those who are looking for a truck that can handle anything they throw at it."
2024,Chevrolet,Silverado 1500,NEW,Red Hot,Jet Black,"2WD Crew Cab 157"" LT",Automatic,3GCPACED7RG126342,55815,10,,False,17,21,https://content.homenetiol.com/2000466/2078700/640x480/dd8cec747dd840119a35d6f545566179.jpg,https://www.goschchevy.com/inventory/3GCPACED7RG126342/,"Chevrolet Silverado is a great truck that is known for its durability, power, capability, and comfort. It is a popular choice for both work and recreation, and it is a great option for those who are looking for a truck that can handle anything they throw at it."
2024,Chevrolet,Silverado 1500,NEW,Summit White,Jet Black,"2WD Crew Cab 157"" LT",Automatic,3GCPACEK3RG159241,53445,9,,False,19,22,https://content.homenetiol.com/2000466/2078700/640x480/61f5341d331b4078806a4496eb19f889.jpg,https://www.goschchevy.com/inventory/3GCPACEK3RG159241/,"Chevrolet Silverado is a great truck that is known for its durability, power, capability, and comfort. It is a popular choice for both work and recreation, and it is a great option for those who are looking for a truck that can handle anything they throw at it."
2024,Chevrolet,Silverado 1500,NEW,Summit White,Jet Black,"2WD Crew Cab 157"" LT",Automatic,3GCPACEK4RG159250,53445,9,,False,19,22,https://content.homenetiol.com/2000466/2078700/640x480/e0b0a5e99ee04b3d8d8c11f82cfc88e9.jpg,https://www.goschchevy.com/inventory/3GCPACEK4RG159250/,"Chevrolet Silverado is a great truck that is known for its durability, power, capability, and comfort. It is a popular choice for both work and recreation, and it is a great option for those who are looking for a truck that can handle anything they throw at it."
2024,Chevrolet,Silverado 1500,NEW,Red Hot,Jet Black,"2WD Crew Cab 157"" LT",Automatic,3GCPACED7RG126793,64810,12,,False,17,21,https://content.homenetiol.com/2000466/2078700/640x480/ebf88fac6a954858be7d29c65064dbbb.jpg,https://www.goschchevy.com/inventory/3GCPACED7RG126793/,"Chevrolet Silverado is a great truck that is known for its durability, power, capability, and comfort. It is a popular choice for both work and recreation, and it is a great option for those who are looking for a truck that can handle anything they throw at it."
2024,Chevrolet,Blazer,NEW,Sterling Gray Metallic,Jet Black with Red Accents,FWD 4dr RS,Automatic,3GNKBERS6RS181297,39020,3,,False,19,27,https://content.homenetiol.com/2000466/2078700/640x480/934a8be8ddd94eb686b5b7eb21889b1d.jpg,https://www.goschchevy.com/inventory/3GNKBERS6RS181297/,"Blazer boasts powerful engines, agile handling, spacious comfort, tech-savvy features, and safety options, making it a versatile SUV for adventure seekers."
2024,Chevrolet,Silverado 3500HD,NEW,Summit White,Jet Black,"4WD Crew Cab 172"" High Country",Automatic,1GC4YVEY4RF282501,110490,8,,False,0,0,https://content.homenetiol.com/2000466/2078700/640x480/e3c56730ecd24388996beb973427fcaa.jpg,https://www.goschchevy.com/inventory/1GC4YVEY4RF282501/," Hauls mountains, tows giants, conquers off-road, yet pampers your crew with surprising comfort"
2023,Chevrolet,Bolt EV,NEW,Mosaic Black Metallic,Jet Black,5dr Wgn 2LT,,1G1FX6S00P4202726,32380,2,,False,0,0,https://content.homenetiol.com/2000466/2078700/640x480/860b3fc5c20045ff8293f960a507eb49.jpg,https://www.goschchevy.com/inventory/1G1FX6S00P4202726/,"Bolt EV zaps you with electrifying speed, spacious and tech-savvy interior, and eco-friendly driving, making it a zippy choice for city commutes and green adventures."
2024,Chevrolet,Silverado 1500,NEW,Sterling Gray Metallic,Jet Black,"4WD Crew Cab 147"" LT w/1LT",Automatic,2GCUDDED3R1175627,59390,9,,False,15,20,https://content.homenetiol.com/2000466/2078700/640x480/3073251d0fba4c2791cd4d12a1d995f4.jpg,https://www.goschchevy.com/inventory/2GCUDDED3R1175627/,"Chevrolet Silverado is a great truck that is known for its durability, power, capability, and comfort. It is a popular choice for both work and recreation, and it is a great option for those who are looking for a truck that can handle anything they throw at it."
2024,Chevrolet,Silverado 1500,NEW,Summit White,Jet Black,"4WD Crew Cab 147"" LT w/1LT",Automatic,2GCUDDEDXR1175642,59390,3,,False,15,20,https://content.homenetiol.com/2000466/2078700/640x480/34819229615d4856b29cf5f2bb90a15f.jpg,https://www.goschchevy.com/inventory/2GCUDDEDXR1175642/,"Chevrolet Silverado is a great truck that is known for its durability, power, capability, and comfort. It is a popular choice for both work and recreation, and it is a great option for those who are looking for a truck that can handle anything they throw at it."
2022,Honda,Odyssey,USED,Gray,,EX-L Auto,Automatic,5FNRL6H73NB001509,29535,51596,"CARFAX One-Owner. Modern Steel Metallic 2022 Honda Odyssey EX-L FWD 10-Speed Automatic 3.5L V6 SOHC i-VTEC 24V Adaptive Cruise Control: Adaptive Cruise Control (ACC) with Low-Speed Follow, Automatic temperature control, Forward collision: Collision Mitigation Braking System (CMBS) + FCW mitigation, Front dual zone A/C, Lane departure: Lane Keeping Assist System (LKAS) active, Power Liftgate, Steering wheel mounted audio controls.Recent Arrival! 19/28 City/Highway MPGIf you have any questions or would like some general information about financing or would like a price quote on a new or used vehicle please call.",False,19,28,https://content.homenetiol.com/2000466/2078700/640x480/fb13fd8e2add44c0867fa0076e7b985c.jpg,https://www.goschchevy.com/inventory/5FNRL6H73NB001509/,"Sleek minivan design with surprising agility, making family adventures stylish and comfortable. Cruise highway miles effortlessly, yet maneuver streets with ease."
2024,Chevrolet,Silverado 1500,NEW,Slate Gray Metallic,Jet Black,"2WD Crew Cab 157"" LT",Automatic,3GCPACED6RG127322,64810,11,,False,17,21,https://content.homenetiol.com/2000466/2078700/640x480/5e56ca97cd804ed0b95d5047a412f607.jpg,https://www.goschchevy.com/inventory/3GCPACED6RG127322/,"Chevrolet Silverado is a great truck that is known for its durability, power, capability, and comfort. It is a popular choice for both work and recreation, and it is a great option for those who are looking for a truck that can handle anything they throw at it."
2024,Chevrolet,Blazer,NEW,Blue,Jet Black with Red Accents,FWD 4dr RS,Automatic,3GNKBERSXRS184090,48815,4,,False,19,27,https://content.homenetiol.com/2000466/2078700/640x480/a5f3cadd1d3d4f628d6eea5e95e8546c.jpg,https://www.goschchevy.com/inventory/3GNKBERSXRS184090/,"Blazer boasts powerful engines, agile handling, spacious comfort, tech-savvy features, and safety options, making it a versatile SUV for adventure seekers."
2024,Chevrolet,Silverado 2500HD,NEW,Summit White,Jet Black,"4WD Crew Cab 172"" High Country",Automatic,1GC4YREY2RF286943,99530,6,,False,0,0,https://content.homenetiol.com/2000466/2078700/640x480/30e9e3d3f5674219975e77fb3bf9e96f.jpg,https://www.goschchevy.com/inventory/1GC4YREY2RF286943/," Hauls mountains, tows giants, conquers off-road, yet pampers your crew with surprising comfort"
2024,Chevrolet,Silverado 1500,NEW,Sterling Gray Metallic,Jet Black,"4WD Crew Cab 147"" LT w/1LT",Automatic,2GCUDDED5R1175581,59390,3,,False,15,20,https://content.homenetiol.com/2000466/2078700/640x480/21d1433c4e8d493b9e3ce9b362121719.jpg,https://www.goschchevy.com/inventory/2GCUDDED5R1175581/,"Chevrolet Silverado is a great truck that is known for its durability, power, capability, and comfort. It is a popular choice for both work and recreation, and it is a great option for those who are looking for a truck that can handle anything they throw at it."
2022,Chevrolet,Tahoe,USED,Satin Steel Metallic,Jet Black,4WD 4dr Premier,Automatic,1GNSKSKD1NR155990,54970,48735,"Prior Rental. CARFAX One-Owner. Clean CARFAX. Satin Steel Metallic 2022 Chevrolet Tahoe Premier 4WD 10-Speed Automatic with Overdrive EcoTec3 5.3L V8 Prior Rental, 1st & 2nd Row Color-Keyed Carpeted Floor Mats, 2-Speed Active Electronic AutoTrac Transfer Case, 3rd Row 60/40 Power-Folding Split-Bench Seat, Auto-Dimming Inside Rear-View Mirror, Automatic Stop/Start, Bose 10-Speaker Centerpoint Surround Audio Sys Ft, Bright Front & Rear Door Sill Plates, Chrome Door Handles w/Body-Color Strip, Chrome Mirror Caps, Color-Keyed Carpeting Floor Covering, Driver & Front Outboard Passenger Airbags, Dual Exhaust System, Enhanced Driver Information Center, Floor Console, Hands-Free Rear Power Programmable Liftgate, Heated 2nd Row Outboard Seats, Heated Steering Wheel, Hill Descent Control, Infotainment Display, Lane Change Alert w/Side Blind Zone Alert, Leather-Wrapped Steering Wheel, LED Daytime Running Lamps, Memory Settings, Navigation System, Outside Heated Power-Adjustable Mirrors, Power Liftgate, Power Release 2nd Row Bucket Seats, Power Tilt & Telescopic Steering Column, Preferred Equipment Group 1LZ, Rear Cross Traffic Alert, Remote Start, Safety Alert Seat, SiriusXM Radio w/360L, Start/Stop System Disable Button, Universal Home Remote, Wireless Charging.Recent Arrival!Awards:* ALG Residual ValueIf you have any questions or would like some general information about financing or would like a price quote on a new or used vehicle please call.",False,15,20,https://content.homenetiol.com/2000466/2078700/640x480/cf709761dc154323a006bf43ee41f1b7.jpg,https://www.goschchevy.com/inventory/1GNSKSKD1NR155990/,"Tahoe conquers any road with its imposing presence, powerhouse engines, spacious family haven, and tech-guided confidence, making it an off-road-ready giant for boundless adventures. ?"
2024,Chevrolet,Silverado 1500,NEW,Sterling Gray Metallic,Jet Black,"2WD Crew Cab 147"" Custom",Automatic,3GCPABEK4RG155600,54540,10,,False,19,22,https://content.homenetiol.com/2000466/2078700/640x480/3f4d162a106e4c0998de2cd3a1ef0e21.jpg,https://www.goschchevy.com/inventory/3GCPABEK4RG155600/,"Chevrolet Silverado is a great truck that is known for its durability, power, capability, and comfort. It is a popular choice for both work and recreation, and it is a great option for those who are looking for a truck that can handle anything they throw at it."
2023,Chevrolet,Traverse,NEW,Summit White,Jet Black/Clove,FWD 4dr High Country,Automatic,1GNERNKW4PJ332402,53395,5,,False,18,27,https://content.homenetiol.com/2000466/2078700/640x480/e2edd9a2716d43a3b639c0db4d97f536.jpg,https://www.goschchevy.com/inventory/1GNERNKW4PJ332402/,"Traverse tames family chaos with its cavernous comfort, powerful towing muscle, and tech-fueled safety, all wrapped in a rugged, adventure-ready SUV. ????"
2024,Chevrolet,Silverado 1500,NEW,Sterling Gray Metallic,Jet Black,"4WD Crew Cab 147"" LT w/1LT",Automatic,2GCUDDED2R1175604,59390,4,,False,15,20,https://content.homenetiol.com/2000466/2078700/640x480/7d28db8544104100a23be149e90afb9c.jpg,https://www.goschchevy.com/inventory/2GCUDDED2R1175604/,"Chevrolet Silverado is a great truck that is known for its durability, power, capability, and comfort. It is a popular choice for both work and recreation, and it is a great option for those who are looking for a truck that can handle anything they throw at it."
2024,Chevrolet,Silverado 1500,NEW,Summit White,Jet Black,"4WD Crew Cab 147"" LT w/1LT",Automatic,2GCUDDED7R1175663,59390,5,,False,15,20,https://content.homenetiol.com/2000466/2078700/640x480/a34797ed12724eccb73f5ff6e9a9b975.jpg,https://www.goschchevy.com/inventory/2GCUDDED7R1175663/,"Chevrolet Silverado is a great truck that is known for its durability, power, capability, and comfort. It is a popular choice for both work and recreation, and it is a great option for those who are looking for a truck that can handle anything they throw at it."
2023,Chevrolet,Traverse,NEW,Summit White,Jet Black/Clove,FWD 4dr High Country,Automatic,1GNERNKW4PJ335218,53395,4,,False,18,27,https://content.homenetiol.com/2000466/2078700/640x480/c242d7e0f53b4f168ccd35e72f35f16b.jpg,https://www.goschchevy.com/inventory/1GNERNKW4PJ335218/,"Traverse tames family chaos with its cavernous comfort, powerful towing muscle, and tech-fueled safety, all wrapped in a rugged, adventure-ready SUV. ????"
2024,Chevrolet,Blazer,NEW,Red Hot,Jet Black with Red Accents,FWD 4dr RS,Automatic,3GNKBERS6RS183700,45295,3,,False,19,27,https://content.homenetiol.com/2000466/2078700/640x480/3a137d022aae4faf846602bc2e74cad1.jpg,https://www.goschchevy.com/inventory/3GNKBERS6RS183700/,"Blazer boasts powerful engines, agile handling, spacious comfort, tech-savvy features, and safety options, making it a versatile SUV for adventure seekers."
2024,Chevrolet,Silverado 2500HD,NEW,Black,Jet Black,"4WD Crew Cab 159"" High Country",Automatic,2GC4YREY8R1164028,83435,11,,False,0,0,https://content.homenetiol.com/2000466/2078700/640x480/dc8327b00e884442be63062f71056331.jpg,https://www.goschchevy.com/inventory/2GC4YREY8R1164028/," Hauls mountains, tows giants, conquers off-road, yet pampers your crew with surprising comfort"
2024,Chevrolet,Silverado 1500,NEW,Summit White,Jet Black,"4WD Crew Cab 147"" LT w/1LT",Automatic,2GCUDDED0R1175651,59390,6,,False,15,20,https://content.homenetiol.com/2000466/2078700/640x480/7a05d355684e4ceb9816d83efe7156d2.jpg,https://www.goschchevy.com/inventory/2GCUDDED0R1175651/,"Chevrolet Silverado is a great truck that is known for its durability, power, capability, and comfort. It is a popular choice for both work and recreation, and it is a great option for those who are looking for a truck that can handle anything they throw at it."
2024,Chevrolet,Silverado 1500,NEW,Summit White,Jet Black,"4WD Crew Cab 147"" LT w/1LT",Automatic,2GCUDDED1R1175674,59390,5,,False,15,20,https://content.homenetiol.com/2000466/2078700/640x480/e8106fc6ca7e41e2a34b09fa3bc7e342.jpg,https://www.goschchevy.com/inventory/2GCUDDED1R1175674/,"Chevrolet Silverado is a great truck that is known for its durability, power, capability, and comfort. It is a popular choice for both work and recreation, and it is a great option for those who are looking for a truck that can handle anything they throw at it."
2024,Chevrolet,Silverado 3500HD,NEW,Summit White,Jet Black,"4WD Crew Cab 159"" High Country",Automatic,2GC4YVEY3R1121726,96960,8,,False,0,0,https://content.homenetiol.com/2000466/2078700/640x480/b3b91375d0f1427aae2df87dedde82c5.jpg,https://www.goschchevy.com/inventory/2GC4YVEY3R1121726/," Hauls mountains, tows giants, conquers off-road, yet pampers your crew with surprising comfort"
2023,Chevrolet,Traverse,NEW,Summit White,Jet Black/Clove,FWD 4dr High Country,Automatic,1GNERNKW5PJ338273,53395,3,,False,18,27,https://content.homenetiol.com/2000466/2078700/640x480/f03a263f1d43475ba4949ded381df657.jpg,https://www.goschchevy.com/inventory/1GNERNKW5PJ338273/,"Traverse tames family chaos with its cavernous comfort, powerful towing muscle, and tech-fueled safety, all wrapped in a rugged, adventure-ready SUV. ????"
2024,Chevrolet,Tahoe,NEW,Summit White,Jet Black,4WD 4dr LS,Automatic,1GNSKMKDXRR120494,61195,2,,False,15,20,https://content.homenetiol.com/2000466/2078700/640x480/68d69d6db36a4f2bbcc8c7e18c4501f2.jpg,https://www.goschchevy.com/inventory/1GNSKMKDXRR120494/,"Tahoe conquers any road with its imposing presence, powerhouse engines, spacious family haven, and tech-guided confidence, making it an off-road-ready giant for boundless adventures. ?"
2024,Chevrolet,Silverado 1500,NEW,Summit White,Jet Black,"2WD Crew Cab 147"" Custom",Automatic,1GCPABEK0RZ222368,48590,3,,False,19,22,https://content.homenetiol.com/2000466/2078700/640x480/ec9c989a09fb40f1a80053fc132cf496.jpg,https://www.goschchevy.com/inventory/1GCPABEK0RZ222368/,"Chevrolet Silverado is a great truck that is known for its durability, power, capability, and comfort. It is a popular choice for both work and recreation, and it is a great option for those who are looking for a truck that can handle anything they throw at it."
2024,Chevrolet,Silverado 1500,NEW,Summit White,Jet Black,"2WD Crew Cab 147"" Custom",Automatic,1GCPABEKXRZ222619,48590,3,,False,19,22,https://content.homenetiol.com/2000466/2078700/640x480/46b465cf455147ebb1f0a06a1adba7e5.jpg,https://www.goschchevy.com/inventory/1GCPABEKXRZ222619/,"Chevrolet Silverado is a great truck that is known for its durability, power, capability, and comfort. It is a popular choice for both work and recreation, and it is a great option for those who are looking for a truck that can handle anything they throw at it."
2024,Chevrolet,Silverado 1500,NEW,Summit White,Jet Black,"2WD Double Cab 147"" Custom",Automatic,1GCRABEK7RZ187322,45495,4,,False,19,22,https://content.homenetiol.com/2000466/2078700/640x480/45c7e36234b24960a44855957afc0f26.jpg,https://www.goschchevy.com/inventory/1GCRABEK7RZ187322/,"Chevrolet Silverado is a great truck that is known for its durability, power, capability, and comfort. It is a popular choice for both work and recreation, and it is a great option for those who are looking for a truck that can handle anything they throw at it."
2024,Chevrolet,Tahoe,NEW,Summit White,Jet Black,4WD 4dr High Country,Automatic,1GNSKTKL5RR120484,90390,2,,False,14,19,https://content.homenetiol.com/2000466/2078700/640x480/2e9f1f32e54d4b2b8c14ae8e02aa84a7.jpg,https://www.goschchevy.com/inventory/1GNSKTKL5RR120484/,"Tahoe conquers any road with its imposing presence, powerhouse engines, spacious family haven, and tech-guided confidence, making it an off-road-ready giant for boundless adventures. ?"
2022,Tesla,Model Y,USED,White,,Performance AWD,Automatic,7SAYGDEF2NF406828,38249,22189,"CARFAX One-Owner. Clean CARFAX. Pearl White Multi-Coat 2022 Tesla Model Y Performance AWD 1-Speed Automatic Electric Motor Automatic temperature control, Exterior Parking Camera Rear, Front dual zone A/C, Lane Departure Warning System, Memory seat, Power driver seat, Power Liftgate, Steering wheel memory, Steering wheel mounted A/C controls, Steering wheel mounted audio controls, Telescoping steering wheel, Tilt steering wheel, Wheels: 21 x 9.5 Fr & 21 x 10.5 Rr Uberturbine.Recent Arrival! 115/106 City/Highway MPGIf you have any questions or would like some general information about financing or would like a price quote on a new or used vehicle please call.",False,0,0,https://content.homenetiol.com/2000466/2078700/640x480/3ad1a6abe06a4e829de3ccb9cf285e84.jpg,https://www.goschchevy.com/inventory/7SAYGDEF2NF406828/,"
The Model Y, a sleek SUV with minimalist design, blends futuristic looks with practical space. While not hardcore off-road, its sporty performance makes it a family-friendly thrill ride, perfect for weekend adventures and everyday errands."
2019,Ram,3500,USED,Bright White Clearcoat,Black,"Laramie 4x4 Crew Cab 6'4"" Box",Automatic,3C63R3EJXKG534117,47999,49555,"Clean CARFAX. Bright White Clearcoat 2019 Ram 3500 Laramie 4WD 8-Speed Automatic 6.4L Heavy Duty V8 HEMI w/MDS 2nd Row In Floor Storage Bins, Auto High Beam Headlamp Control, Automatic temperature control, Blind Spot & Cross Path Detection, Exterior Mirrors w/Memory, Foam Bottle Insert (Door Trim Panel), Front dual zone A/C, Laramie Level 1 Equipment Group, Mirror-Mounted Aux Reverse Lamps, ParkView Rear Back-Up Camera, Power Adjustable Convex Aux Mirrors, Power Adjustable Pedals w/Memory, Power Chrome Tow Mirrors w/Convex Spotter & Memory, Protection Group, Quick Order Package 2ZH Laramie, Radio/Driver Seat/Mirrors/Pedals Memory, Rain Sensitive Windshield Wipers, Remote Tailgate Release, Single Disc Remote CD Player, Ventilated Front Seats.If you have any questions or would like some general information about financing or would like a price quote on a new or used vehicle please call.",False,0,0,https://content.homenetiol.com/2000466/2078700/640x480/b35f71e5c9484e6bb021ead915029dc0.jpg,https://www.goschchevy.com/inventory/3C63R3EJXKG534117/,"The Ram 3500, a burly beast with bold looks and towing muscle, conquers off-road adventures and hauls hefty loads, but its spacious cabin begs for weekend family escapades too."
2021,Chevrolet,Silverado 1500,USED,Summit White,Jet Black,"4WD Crew Cab 157"" RST",Automatic,3GCUYEEL3MG320862,46186,16667,"CARFAX One-Owner. Clean CARFAX. Summit White 2021 Chevrolet Silverado 1500 RST 4WD 10-Speed Automatic EcoTec3 6.2L V8 10-Speed Automatic, 4WD, Black Cloth.Recent Arrival! Odometer is 21063 miles below market average!If you have any questions or would like some general information about financing or would like a price quote on a new or used vehicle please call.",False,16,21,https://content.homenetiol.com/2000466/2078700/640x480/8f665eb2e1714747ba9922b992575bcb.jpg,https://www.goschchevy.com/inventory/3GCUYEEL3MG320862/,"Chevrolet Silverado is a great truck that is known for its durability, power, capability, and comfort. It is a popular choice for both work and recreation, and it is a great option for those who are looking for a truck that can handle anything they throw at it."
2023,Chevrolet,Bolt EUV,NEW,Gray Ghost Metallic,Jet Black/Nightshift Blue,FWD 4dr LT,,1G1FY6S01P4207673,32075,2,,False,0,0,https://content.homenetiol.com/2000466/2078700/640x480/6635470ba3af44ffa0056ea939b9b2fb.jpg,https://www.goschchevy.com/inventory/1G1FY6S01P4207673/,"Bolt EV zaps you with electrifying speed, spacious and tech-savvy interior, and eco-friendly driving, making it a zippy choice for city commutes and green adventures."
2024,Chevrolet,Silverado 2500HD,NEW,Red Hot,Jet Black,"4WD Crew Cab 159"" LT",Automatic,2GC1YNEY3R1162991,72660,9,,False,0,0,https://content.homenetiol.com/2000466/2078700/640x480/stock_images/8/cc_2024CHT30_01_640/cc_2024CHT300011_01_640_G7C.jpg,https://www.goschchevy.com/inventory/2GC1YNEY3R1162991/," Hauls mountains, tows giants, conquers off-road, yet pampers your crew with surprising comfort"
2024,Chevrolet,Silverado 1500,NEW,Summit White,Jet Black,"2WD Crew Cab 157"" LT",Automatic,3GCPACEK1RG159240,53445,8,,False,19,22,https://content.homenetiol.com/2000466/2078700/640x480/839fa4dbe18940fcab8fba342f31199a.jpg,https://www.goschchevy.com/inventory/3GCPACEK1RG159240/,"Chevrolet Silverado is a great truck that is known for its durability, power, capability, and comfort. It is a popular choice for both work and recreation, and it is a great option for those who are looking for a truck that can handle anything they throw at it."
2024,Chevrolet,Silverado 1500,NEW,Summit White,Jet Black,"2WD Crew Cab 157"" LT",Automatic,3GCPACEK5RG159242,53445,7,,False,19,22,https://content.homenetiol.com/2000466/2078700/640x480/a3d617b0cac1453f8b10ddfcc40ccd12.jpg,https://www.goschchevy.com/inventory/3GCPACEK5RG159242/,"Chevrolet Silverado is a great truck that is known for its durability, power, capability, and comfort. It is a popular choice for both work and recreation, and it is a great option for those who are looking for a truck that can handle anything they throw at it."
2024,Chevrolet,Silverado 1500,NEW,Red Hot,Jet Black,"4WD Crew Cab 147"" LT Trail Boss",Automatic,3GCUDFE85RG157894,69310,2,,False,22,27,https://content.homenetiol.com/2000466/2078700/640x480/6e0dc998edb048a5957af257e5bd21ab.jpg,https://www.goschchevy.com/inventory/3GCUDFE85RG157894/,"Chevrolet Silverado is a great truck that is known for its durability, power, capability, and comfort. It is a popular choice for both work and recreation, and it is a great option for those who are looking for a truck that can handle anything they throw at it."
2022,Chevrolet,Traverse,USED,Silver Ice Metallic,Jet Black,AWD 4dr Premier,Automatic,1GNEVKKW6NJ174121,41724,27761,CARFAX One-Owner. Clean CARFAX. Silver Ice Metallic 2022 Chevrolet Traverse Premier AWD 9-Speed Automatic 3.6L V6 SIDI VVT AWD.Recent Arrival!If you have any questions or would like some general information about financing or would like a price quote on a new or used vehicle please call.,False,17,25,https://content.homenetiol.com/2000466/2078700/640x480/e4f1ac8d54ed435187e4496638a59b43.jpg,https://www.goschchevy.com/inventory/1GNEVKKW6NJ174121/,"Traverse tames family chaos with its cavernous comfort, powerful towing muscle, and tech-fueled safety, all wrapped in a rugged, adventure-ready SUV. ????"
2024,Chevrolet,Silverado 1500,NEW,Lakeshore Blue Metallic,Jet Black,"4WD Crew Cab 147"" Custom",Automatic,3GCPDBEK0RG212186,50360,11,,False,18,21,https://content.homenetiol.com/2000466/2078700/640x480/76545c2fb6504d60b1f2668846a96cfe.jpg,https://www.goschchevy.com/inventory/3GCPDBEK0RG212186/,"Chevrolet Silverado is a great truck that is known for its durability, power, capability, and comfort. It is a popular choice for both work and recreation, and it is a great option for those who are looking for a truck that can handle anything they throw at it."
2024,Chevrolet,Silverado 1500,NEW,Summit White,Jet Black,"4WD Crew Cab 147"" Custom",Automatic,3GCPDBEK1RG211547,50360,11,,False,18,21,https://content.homenetiol.com/2000466/2078700/640x480/d1349e33c87248b0a6d9682df315d41e.jpg,https://www.goschchevy.com/inventory/3GCPDBEK1RG211547/,"Chevrolet Silverado is a great truck that is known for its durability, power, capability, and comfort. It is a popular choice for both work and recreation, and it is a great option for those who are looking for a truck that can handle anything they throw at it."
2024,Chevrolet,Silverado 1500,NEW,Lakeshore Blue Metallic,Jet Black,"4WD Crew Cab 147"" Custom",Automatic,3GCPDBEK1RG212178,50360,11,,False,18,21,https://content.homenetiol.com/2000466/2078700/640x480/6f09f27ec37149bbbf6c52a350f1b50f.jpg,https://www.goschchevy.com/inventory/3GCPDBEK1RG212178/,"Chevrolet Silverado is a great truck that is known for its durability, power, capability, and comfort. It is a popular choice for both work and recreation, and it is a great option for those who are looking for a truck that can handle anything they throw at it."
2024,Chevrolet,Silverado 1500,NEW,Lakeshore Blue Metallic,Jet Black,"4WD Crew Cab 147"" Custom",Automatic,3GCPDBEK7RG212184,50360,11,,False,18,21,https://content.homenetiol.com/2000466/2078700/640x480/1e21fccf7c07442aa3d8b60381e36bf1.jpg,https://www.goschchevy.com/inventory/3GCPDBEK7RG212184/,"Chevrolet Silverado is a great truck that is known for its durability, power, capability, and comfort. It is a popular choice for both work and recreation, and it is a great option for those who are looking for a truck that can handle anything they throw at it."
2023,Chevrolet,Camaro,USED,Rapid Blue,Jet Black,2dr Conv 1SS,Manual,1G1FF3D72P0107877,45995,19099,CARFAX One-Owner. Beautiful and Rare Rapid Blue 2023 Chevrolet Camaro SS 1SS RWD 10-Speed Automatic 6.2L V816/26 City/Highway MPGIf you have any questions or would like some general information about financing or would like a price quote on a new or used vehicle please call.,False,16,26,https://content.homenetiol.com/2000466/2078700/640x480/3ef9b50a7ded4cdea3255be989e73bff.jpg,https://www.goschchevy.com/inventory/1G1FF3D72P0107877/,"Untamed American muscle, roars through corners with heart-pounding thrills, a head-turning silhouette that screams pure driving exhilaration."
2018,Nissan,Rogue,USED,Magnetic Black,Charcoal,FWD SV,,5N1AT2MT3JC758194,14479,75068,"Magnetic Black 2018 Nissan Rogue SV FWD CVT with Xtronic 2.5L I4 DOHC 16VRecent Arrival! 26/33 City/Highway MPGAwards:* 2018 KBB.com 10 Best SUVs Under $25,000If you have any questions or would like some general information about financing or would like a price quote on a new or used vehicle please call.",False,26,33,https://content.homenetiol.com/2000466/2078700/640x480/5556c507fade4d45a4e0f97a45ba584c.jpg,https://www.goschchevy.com/inventory/5N1AT2MT3JC758194/,"The Nissan Rogue strikes a balance between SUV practicality and stylish looks, offering spacious comfort for families with a smooth, refined performancemore at home exploring city streets than conquering off-road trails."
2017,Ford,Super Duty F-350 SRW,USED,White,,King Ranch 4WD Crew Cab 6.75' Box,Automatic,1FT8W3BT3HEB51908,59555,72578,"Clean CARFAX. White Platinum Metallic Tri-Coat 2017 Ford F-350SD King Ranch 4WD TorqShift 6-Speed Automatic Power Stroke 6.7L V8 DI 32V OHV Turbodiesel Automatic temperature control, Exterior Parking Camera Rear, Front dual zone A/C, Navigation System, Steering wheel memory, Steering wheel mounted A/C controls, Steering wheel mounted audio controls, Telescoping steering wheel, Tilt steering wheel, Wheels: 18 Bright Machined Cast Aluminum.Awards:* 2017 KBB.com 10 Most Awarded Brands * 2017 KBB.com Brand Image AwardsIf you have any questions or would like some general information about financing or would like a price quote on a new or used vehicle please call.Reviews:* Turbodiesel V8 generates immense power and torque; stronger frame and suspension enable increased payload and tow ratings; aluminum body reduces overall weight and improves efficiency; spacious new cabs offer many convenience and technology options. Source: Edmunds",False,0,0,https://content.homenetiol.com/2000466/2078700/640x480/8ddcd78cc1d8410aa429b5c1a1cf3e4c.jpg,https://www.goschchevy.com/inventory/1FT8W3BT3HEB51908/,"Built like a bull, boasting massive presence, the Super Duty F-350 SRW tows trailers like a boss, yet surprises with smooth highway manners, making it as capable hauling the family on adventures as conquering rugged terrain."
2023,Chevrolet,Bolt EV,NEW,Silver Flare Metallic,Jet Black,5dr Wgn 2LT,,1G1FX6S08P4207530,31390,3,,False,0,0,https://content.homenetiol.com/2000466/2078700/640x480/17033cb486634484b9673a50e36ec32d.jpg,https://www.goschchevy.com/inventory/1G1FX6S08P4207530/,"Bolt EV zaps you with electrifying speed, spacious and tech-savvy interior, and eco-friendly driving, making it a zippy choice for city commutes and green adventures."
2023,Chevrolet,Bolt EUV,NEW,Silver Flare Metallic,Jet Black/Nightshift Blue,FWD 4dr LT,,1G1FY6S02P4207696,32075,3,,False,0,0,https://content.homenetiol.com/2000466/2078700/640x480/8d590279806b40ec973ff2201b16e9e4.jpg,https://www.goschchevy.com/inventory/1G1FY6S02P4207696/,"Bolt EV zaps you with electrifying speed, spacious and tech-savvy interior, and eco-friendly driving, making it a zippy choice for city commutes and green adventures."
2023,Chevrolet,Bolt EUV,NEW,Gray Ghost Metallic,Jet Black/Nightshift Blue,FWD 4dr LT,,1G1FY6S05P4207661,32075,2,,False,0,0,https://content.homenetiol.com/2000466/2078700/640x480/stock_images/8/cc_2023CHS35_01_640/cc_2023CHS350001_01_640_GRC.jpg,https://www.goschchevy.com/inventory/1G1FY6S05P4207661/,"Bolt EV zaps you with electrifying speed, spacious and tech-savvy interior, and eco-friendly driving, making it a zippy choice for city commutes and green adventures."
2024,Chevrolet,Malibu,NEW,Mineral Gray Metallic,Jet Black,4dr Sdn 1LT,Automatic,1G1ZD5ST6RF157406,28195,2,,False,27,35,https://content.homenetiol.com/2000466/2078700/640x480/stock_images/8/cc_2024CHC11_01_640/cc_2024CHC110009_01_640_G5D.jpg,https://www.goschchevy.com/inventory/1G1ZD5ST6RF157406/,"a choice between efficient hybrid and potent gasoline engines, spacious comfort features, and advanced technology, making it a stylish sedan for everyday journeys."
2024,Chevrolet,Trailblazer,NEW,Mosaic Black Metallic,Jet Black,FWD 4dr LS,,KL79MMSLXRB048937,24790,3,,False,29,33,https://content.homenetiol.com/2000466/2078700/640x480/stock_images/8/cc_2024CHS08_01_640/cc_2024CHS080022_01_640_GB0.jpg,https://www.goschchevy.com/inventory/KL79MMSLXRB048937/," Compact spice with big-SUV swagger, zips through city streets, embraces weekend adventures, tech-savvy companion for work and play."
2024,Chevrolet,Trailblazer,NEW,Summit White,Jet Black,FWD 4dr LT,,KL79MPSL9RB049126,25990,4,,False,29,33,https://content.homenetiol.com/2000466/2078700/640x480/d2beeb67415e47d78fa3bd3c39183b51.jpg,https://www.goschchevy.com/inventory/KL79MPSL9RB049126/," Compact spice with big-SUV swagger, zips through city streets, embraces weekend adventures, tech-savvy companion for work and play."
2024,Chevrolet,Trailblazer,NEW,Summit White,Jet Black,AWD 4dr LT,Automatic,KL79MRSL1RB093732,27595,3,,False,26,29,https://content.homenetiol.com/2000466/2078700/640x480/cf97db706a5f45b19745e31efe2504d9.jpg,https://www.goschchevy.com/inventory/KL79MRSL1RB093732/," Compact spice with big-SUV swagger, zips through city streets, embraces weekend adventures, tech-savvy companion for work and play."
2018,Cadillac,ATS-V Coupe,USED,Black Raven,Jet Black,2dr Cpe,Manual,1G6AL1RY5J0176234,42766,58956,"Clean CARFAX. Black Raven 2018 Cadillac ATS-V RWD 8-Speed Automatic 3.6L V6 110-Volt Power Receptacle, 3.73 Rear Axle Ratio, Advanced Security Package, Bose Premium Speakers Audio System Feature, Bose Premium Surround Sound Speakers, Cadillac User Experience & Navigation, Carbon Fiber Package, Composite Non-Carbon Black Rocker Extensions, Driver Awareness Package, Extra-Aero Rear Spoiler, Following Distance Indicator, Forward Collision Alert, Front Intermittent RainSense Wipers, Gray Brembo Calipers, High-Intensity Discharge Headlamps, Inclination Sensor, IntelliBeam Automatic High Beam On/Off, Lane Change Alert w/Side Blind Zone Alert, Lane Keep Assist w/Lane Departure Warning, Locking Fuel Door, Locking Steering Column, Locking Wheel Lugs, Luxury Package, Preferred Equipment Group 1SV, Radio: Cadillac User Experience w/Embedded Nav, Rear Cross-Traffic Alert, Shielded Theft-Deterrent Alarm System, SiriusXM Satellite Radio, Sport Alloy Pedals, Universal Home Remote.Recent Arrival!If you have any questions or would like some general information about financing or would like a price quote on a new or used vehicle please call.",False,17,25,https://content.homenetiol.com/2000466/2078700/640x480/d3860d5d580e4f9bb0e762377a397aac.jpg,https://www.goschchevy.com/inventory/1G6AL1RY5J0176234/,"The ATS-V Coupe cuts a sharp figure with its aggressive angles and optional carbon fiber accents, hinting at the beast within. Under the hood, a twin-turbo V6 roars to life, promising exhilarating performance and a heart-stopping 0-60 in 3.8 seconds."
2024,Chevrolet,Silverado 1500,NEW,Summit White,Jet Black,"4WD Crew Cab 147"" Custom",Automatic,1GCPDBEK4RZ236426,50360,5,,False,18,21,https://content.homenetiol.com/2000466/2078700/640x480/stock_images/8/cc_2024CHT27_01_640/cc_2024CHT270001_01_640_GAZ.jpg,https://www.goschchevy.com/inventory/1GCPDBEK4RZ236426/,"Chevrolet Silverado is a great truck that is known for its durability, power, capability, and comfort. It is a popular choice for both work and recreation, and it is a great option for those who are looking for a truck that can handle anything they throw at it."
2024,Chevrolet,Silverado 1500,NEW,Lakeshore Blue Metallic,Jet Black,"4WD Crew Cab 147"" Custom",Automatic,1GCPDBEK8RZ235487,50360,5,,False,18,21,https://content.homenetiol.com/2000466/2078700/640x480/stock_images/8/cc_2024CHT27_01_640/cc_2024CHT270018_01_640_GXP.jpg,https://www.goschchevy.com/inventory/1GCPDBEK8RZ235487/,"Chevrolet Silverado is a great truck that is known for its durability, power, capability, and comfort. It is a popular choice for both work and recreation, and it is a great option for those who are looking for a truck that can handle anything they throw at it."
2024,Chevrolet,Silverado 1500,NEW,Summit White,Jet Black,"4WD Crew Cab 147"" Custom",Automatic,1GCPDBEK8RZ236798,50360,5,,False,18,21,https://content.homenetiol.com/2000466/2078700/640x480/stock_images/8/cc_2024CHT27_01_640/cc_2024CHT270001_01_640_GAZ.jpg,https://www.goschchevy.com/inventory/1GCPDBEK8RZ236798/,"Chevrolet Silverado is a great truck that is known for its durability, power, capability, and comfort. It is a popular choice for both work and recreation, and it is a great option for those who are looking for a truck that can handle anything they throw at it."
2024,Chevrolet,Blazer,NEW,Black,Jet Black with Red Accents,FWD 4dr RS,Automatic,3GNKBERS0RS196992,47065,2,,False,19,27,https://content.homenetiol.com/2000466/2078700/640x480/stock_images/8/cc_2024CHS09_01_640/cc_2024CHS090005_01_640_GBA.jpg,https://www.goschchevy.com/inventory/3GNKBERS0RS196992/,"Blazer boasts powerful engines, agile handling, spacious comfort, tech-savvy features, and safety options, making it a versatile SUV for adventure seekers."
2024,Chevrolet,Trailblazer,NEW,Mosaic Black Metallic,Jet Black,FWD 4dr LT,,KL79MPSL9RB046159,25990,3,,False,29,33,https://content.homenetiol.com/2000466/2078700/640x480/8efc1b09c443467f9d7ccbcd4c48fd6b.jpg,https://www.goschchevy.com/inventory/KL79MPSL9RB046159/," Compact spice with big-SUV swagger, zips through city streets, embraces weekend adventures, tech-savvy companion for work and play."
2024,Chevrolet,Trailblazer,NEW,Iridescent Pearl Tricoat,Jet Black,AWD 4dr LT,Automatic,KL79MRSL9RB095258,30725,4,,False,26,29,https://content.homenetiol.com/2000466/2078700/640x480/e960bfb7123f47fdba54c7c17c62639e.jpg,https://www.goschchevy.com/inventory/KL79MRSL9RB095258/," Compact spice with big-SUV swagger, zips through city streets, embraces weekend adventures, tech-savvy companion for work and play."
2024,Chevrolet,Silverado 1500,NEW,Summit White,Jet Black,"4WD Crew Cab 147"" Custom",Automatic,1GCPDBEK6RZ236847,50360,2,,False,18,21,https://content.homenetiol.com/2000466/2078700/640x480/stock_images/8/cc_2024CHT27_01_640/cc_2024CHT270001_01_640_GAZ.jpg,https://www.goschchevy.com/inventory/1GCPDBEK6RZ236847/,"Chevrolet Silverado is a great truck that is known for its durability, power, capability, and comfort. It is a popular choice for both work and recreation, and it is a great option for those who are looking for a truck that can handle anything they throw at it."
2024,Chevrolet,Blazer,NEW,Black,Jet Black with Red Accents,FWD 4dr RS,Automatic,3GNKBERS5RS196955,47065,3,,False,19,27,https://content.homenetiol.com/2000466/2078700/640x480/stock_images/8/cc_2024CHS09_01_640/cc_2024CHS090005_01_640_GBA.jpg,https://www.goschchevy.com/inventory/3GNKBERS5RS196955/,"Blazer boasts powerful engines, agile handling, spacious comfort, tech-savvy features, and safety options, making it a versatile SUV for adventure seekers."
2024,Chevrolet,Silverado 1500,NEW,Summit White,Jet Black,"4WD Crew Cab 147"" Custom",Automatic,1GCPDBEK7RZ236906,50360,3,,False,18,21,https://content.homenetiol.com/2000466/2078700/640x480/stock_images/8/cc_2024CHT27_01_640/cc_2024CHT270001_01_640_GAZ.jpg,https://www.goschchevy.com/inventory/1GCPDBEK7RZ236906/,"Chevrolet Silverado is a great truck that is known for its durability, power, capability, and comfort. It is a popular choice for both work and recreation, and it is a great option for those who are looking for a truck that can handle anything they throw at it."
2024,Chevrolet,Trailblazer,NEW,Iridescent Pearl Tricoat,Jet Black,AWD 4dr LT,Automatic,KL79MRSL8RB094912,30725,3,,False,26,29,https://content.homenetiol.com/2000466/2078700/640x480/e669e0df37e94524b586ad9e791d9949.jpg,https://www.goschchevy.com/inventory/KL79MRSL8RB094912/," Compact spice with big-SUV swagger, zips through city streets, embraces weekend adventures, tech-savvy companion for work and play."
2024,Chevrolet,Silverado 1500,NEW,Lakeshore Blue Metallic,Jet Black,"4WD Crew Cab 147"" Custom",Automatic,1GCPDBEK1RZ234990,50360,5,,False,18,21,https://content.homenetiol.com/2000466/2078700/640x480/stock_images/8/cc_2024CHT27_01_640/cc_2024CHT270018_01_640_GXP.jpg,https://www.goschchevy.com/inventory/1GCPDBEK1RZ234990/,"Chevrolet Silverado is a great truck that is known for its durability, power, capability, and comfort. It is a popular choice for both work and recreation, and it is a great option for those who are looking for a truck that can handle anything they throw at it."
2024,Chevrolet,Suburban,NEW,Black,Jet Black,4WD 4dr High Country,Automatic,1GNSKGKT1RR150041,93900,2,,False,20,26,https://content.homenetiol.com/2000466/2078700/640x480/91f6d5c3aae943c782cb049b69e0962b.jpg,https://www.goschchevy.com/inventory/1GNSKGKT1RR150041/,"Full-size, powerful SUV built for families and cargo hauling. Think spacious road trips and conquering weekend adventures."
2023,Chevrolet,Bolt EUV,NEW,Gray Ghost Metallic,Jet Black/Nightshift Blue,FWD 4dr LT,,1G1FY6S07P4207483,32075,2,,False,0,0,https://content.homenetiol.com/2000466/2078700/640x480/stock_images/8/cc_2023CHS35_01_640/cc_2023CHS350001_01_640_GRC.jpg,https://www.goschchevy.com/inventory/1G1FY6S07P4207483/,"Bolt EV zaps you with electrifying speed, spacious and tech-savvy interior, and eco-friendly driving, making it a zippy choice for city commutes and green adventures."
2024,Chevrolet,Suburban,NEW,Black,Jet Black,4WD 4dr High Country,Automatic,1GNSKGKL7RR155809,94105,4,,False,14,19,https://content.homenetiol.com/2000466/2078700/640x480/94e83ee1df754551b408a443894645ad.jpg,https://www.goschchevy.com/inventory/1GNSKGKL7RR155809/,"Full-size, powerful SUV built for families and cargo hauling. Think spacious road trips and conquering weekend adventures."
2024,Chevrolet,Suburban,NEW,Summit White,Jet Black,4WD 4dr High Country,Automatic,1GNSKGKT9RR153219,93280,2,,False,20,26,https://content.homenetiol.com/2000466/2078700/640x480/d9f0c3deaf4b41cbb7c7942c44f152d7.jpg,https://www.goschchevy.com/inventory/1GNSKGKT9RR153219/,"Full-size, powerful SUV built for families and cargo hauling. Think spacious road trips and conquering weekend adventures."
2024,Chevrolet,Suburban,NEW,Silver Sage Metallic,Jet Black/Victory Red,4WD 4dr RST,Automatic,1GNSKEKD5RR146877,82190,2,,False,15,19,https://content.homenetiol.com/2000466/2078700/640x480/2b05a7b1fea84e81949b7f0a00b670e0.jpg,https://www.goschchevy.com/inventory/1GNSKEKD5RR146877/,"Full-size, powerful SUV built for families and cargo hauling. Think spacious road trips and conquering weekend adventures."
2023,Chevrolet,Blazer,USED,Nitro Yellow Metallic,Jet Black with Red Accents,FWD 4dr RS,Automatic,3GNKBERS4PS136906,36902,5329,"CARFAX One-Owner. Clean CARFAX. Nitro Yellow Metallic 2023 Chevrolet Blazer RS FWD 9-Speed Automatic with Overdrive 3.6L V6 SIDI Automatic temperature control, Front dual zone A/C, Heated Steering Wheel, Interior Protection Package (LPO), Power Liftgate, Preferred Equipment Group 1RS, Premium All-Weather Cargo Mat (LPO), Premium All-Weather Floor Mats, Rear Park Assist w/Audible Warning, Steering wheel mounted audio controls.19/27 City/Highway MPGIf you have any questions or would like some general information about financing or would like a price quote on a new or used vehicle please call.",False,19,27,https://content.homenetiol.com/2000466/2078700/640x480/1166d25c33b54f69988435b497dfa070.jpg,https://www.goschchevy.com/inventory/3GNKBERS4PS136906/,"Blazer boasts powerful engines, agile handling, spacious comfort, tech-savvy features, and safety options, making it a versatile SUV for adventure seekers."
2024,Chevrolet,Silverado 1500,NEW,Summit White,Jet Black,"4WD Crew Cab 157"" LT Trail Boss",Automatic,3GCUDFED6RG119605,68425,12,,False,16,20,https://content.homenetiol.com/2000466/2078700/640x480/stock_images/8/cc_2024CHT27_01_640/cc_2024CHT270001_01_640_GAZ.jpg,https://www.goschchevy.com/inventory/3GCUDFED6RG119605/,"Chevrolet Silverado is a great truck that is known for its durability, power, capability, and comfort. It is a popular choice for both work and recreation, and it is a great option for those who are looking for a truck that can handle anything they throw at it."
2024,Chevrolet,Silverado 1500,NEW,Slate Gray Metallic,Jet Black,"2WD Crew Cab 157"" LT",Automatic,3GCPACEK6RG220646,51345,10,,False,19,22,https://content.homenetiol.com/2000466/2078700/640x480/stock_images/8/cc_2024CHT27_01_640/cc_2024CHT270017_01_640_GNO.jpg,https://www.goschchevy.com/inventory/3GCPACEK6RG220646/,"Chevrolet Silverado is a great truck that is known for its durability, power, capability, and comfort. It is a popular choice for both work and recreation, and it is a great option for those who are looking for a truck that can handle anything they throw at it."
2024,Chevrolet,Silverado 1500,NEW,Lakeshore Blue Metallic,Jet Black,"2WD Crew Cab 147"" Custom",Automatic,1GCPABEK0RZ245228,46840,3,,False,19,22,https://content.homenetiol.com/2000466/2078700/640x480/stock_images/8/cc_2024CHT27_01_640/cc_2024CHT270018_01_640_GXP.jpg,https://www.goschchevy.com/inventory/1GCPABEK0RZ245228/,"Chevrolet Silverado is a great truck that is known for its durability, power, capability, and comfort. It is a popular choice for both work and recreation, and it is a great option for those who are looking for a truck that can handle anything they throw at it."
2024,Chevrolet,Silverado 1500,NEW,Slate Gray Metallic,Jet Black,"2WD Crew Cab 157"" LT",Automatic,3GCPACEK8RG220504,51345,9,,False,19,22,https://content.homenetiol.com/2000466/2078700/640x480/stock_images/8/cc_2024CHT27_01_640/cc_2024CHT270017_01_640_GNO.jpg,https://www.goschchevy.com/inventory/3GCPACEK8RG220504/,"Chevrolet Silverado is a great truck that is known for its durability, power, capability, and comfort. It is a popular choice for both work and recreation, and it is a great option for those who are looking for a truck that can handle anything they throw at it."
2024,Chevrolet,Silverado 1500,NEW,Summit White,Jet Black,"2WD Crew Cab 147"" Custom",Automatic,3GCPABEKXRG168111,48590,12,,False,19,22,https://content.homenetiol.com/2000466/2078700/640x480/stock_images/8/cc_2024CHT27_01_640/cc_2024CHT270001_01_640_GAZ.jpg,https://www.goschchevy.com/inventory/3GCPABEKXRG168111/,"Chevrolet Silverado is a great truck that is known for its durability, power, capability, and comfort. It is a popular choice for both work and recreation, and it is a great option for those who are looking for a truck that can handle anything they throw at it."
2024,Chevrolet,Silverado 1500,NEW,Lakeshore Blue Metallic,Jet Black,"2WD Crew Cab 157"" LT",Automatic,3GCPACEK3RG221012,51345,9,,False,19,22,https://content.homenetiol.com/2000466/2078700/640x480/stock_images/8/cc_2024CHT27_01_640/cc_2024CHT270018_01_640_GXP.jpg,https://www.goschchevy.com/inventory/3GCPACEK3RG221012/,"Chevrolet Silverado is a great truck that is known for its durability, power, capability, and comfort. It is a popular choice for both work and recreation, and it is a great option for those who are looking for a truck that can handle anything they throw at it."
2024,Chevrolet,Silverado 1500,NEW,Lakeshore Blue Metallic,Jet Black,"2WD Crew Cab 157"" LT",Automatic,3GCPACEK7RG221028,51345,10,,False,19,22,https://content.homenetiol.com/2000466/2078700/640x480/stock_images/8/cc_2024CHT27_01_640/cc_2024CHT270018_01_640_GXP.jpg,https://www.goschchevy.com/inventory/3GCPACEK7RG221028/,"Chevrolet Silverado is a great truck that is known for its durability, power, capability, and comfort. It is a popular choice for both work and recreation, and it is a great option for those who are looking for a truck that can handle anything they throw at it."
2024,Chevrolet,Silverado 1500,NEW,Summit White,Jet Black,"4WD Crew Cab 147"" Custom",Automatic,3GCPDBEK3RG211551,50360,10,,False,18,21,https://content.homenetiol.com/2000466/2078700/640x480/stock_images/8/cc_2024CHT27_01_640/cc_2024CHT270001_01_640_GAZ.jpg,https://www.goschchevy.com/inventory/3GCPDBEK3RG211551/,"Chevrolet Silverado is a great truck that is known for its durability, power, capability, and comfort. It is a popular choice for both work and recreation, and it is a great option for those who are looking for a truck that can handle anything they throw at it."
2024,Chevrolet,Silverado 1500,NEW,Lakeshore Blue Metallic,Jet Black,"4WD Crew Cab 147"" Custom",Automatic,3GCPDBEK4RG212174,50360,10,,False,18,21,https://content.homenetiol.com/2000466/2078700/640x480/stock_images/8/cc_2024CHT27_01_640/cc_2024CHT270018_01_640_GXP.jpg,https://www.goschchevy.com/inventory/3GCPDBEK4RG212174/,"Chevrolet Silverado is a great truck that is known for its durability, power, capability, and comfort. It is a popular choice for both work and recreation, and it is a great option for those who are looking for a truck that can handle anything they throw at it."
2024,Chevrolet,Silverado 1500,NEW,Lakeshore Blue Metallic,Jet Black,"4WD Crew Cab 147"" Custom",Automatic,3GCPDBEKXRG212180,50360,10,,False,18,21,https://content.homenetiol.com/2000466/2078700/640x480/stock_images/8/cc_2024CHT27_01_640/cc_2024CHT270018_01_640_GXP.jpg,https://www.goschchevy.com/inventory/3GCPDBEKXRG212180/,"Chevrolet Silverado is a great truck that is known for its durability, power, capability, and comfort. It is a popular choice for both work and recreation, and it is a great option for those who are looking for a truck that can handle anything they throw at it."
2024,Chevrolet,Trax,NEW,Summit White,Jet Black/Gray with Red accents,FWD 4dr 1RS,Automatic,KL77LGE29RC179799,23590,4,,False,28,32,https://content.homenetiol.com/2000466/2078700/640x480/d91be96e3e43434fb65082b59c9d1a4e.jpg,https://www.goschchevy.com/inventory/KL77LGE29RC179799/,"Trax zips through city streets with its peppy engine, fuel-efficient charm, and compact practicality, making it a budget-friendly urban runabout. "
2024,Chevrolet,Trax,NEW,Sterling Gray Metallic,Jet Black/Gray with Red accents,FWD 4dr 1RS,Automatic,KL77LGE2XRC100625,24315,4,,False,28,32,https://content.homenetiol.com/2000466/2078700/640x480/stock_images/8/cc_2024CHS32_01_640/cc_2024CHS320009_01_640_GZB.jpg,https://www.goschchevy.com/inventory/KL77LGE2XRC100625/,"Trax zips through city streets with its peppy engine, fuel-efficient charm, and compact practicality, making it a budget-friendly urban runabout. "
2024,Chevrolet,Trax,NEW,Summit White,Jet Black with Red accents,FWD 4dr 2RS,Automatic,KL77LJE26RC180664,24995,4,,False,28,32,https://content.homenetiol.com/2000466/2078700/640x480/ad3d904d66ef43b396b50e55ebaed6b9.jpg,https://www.goschchevy.com/inventory/KL77LJE26RC180664/,"Trax zips through city streets with its peppy engine, fuel-efficient charm, and compact practicality, making it a budget-friendly urban runabout. "
2024,Chevrolet,Trax,NEW,Mosaic Black Metallic,Jet Black with Artemis accents,FWD 4dr ACTIV,Automatic,KL77LKE29RC180163,25790,4,,False,28,32,https://content.homenetiol.com/2000466/2078700/640x480/1e3c962d8be34255a95ad0e074c6da1f.jpg,https://www.goschchevy.com/inventory/KL77LKE29RC180163/,"Trax zips through city streets with its peppy engine, fuel-efficient charm, and compact practicality, making it a budget-friendly urban runabout. "
2018,Chevrolet,Silverado 1500,USED,Summit White,Jet Black,"4WD Reg Cab 119.0"" LT w/2LT",Automatic,1GCNKREC7JZ110046,26995,96141,,False,15,19,https://content.homenetiol.com/2000466/2078700/640x480/stock_images/8/cc_2018CHT270010_01_640/cc_2018CHT270010_01_640_GAZ.jpg,https://www.goschchevy.com/inventory/1GCNKREC7JZ110046/,"Chevrolet Silverado is a great truck that is known for its durability, power, capability, and comfort. It is a popular choice for both work and recreation, and it is a great option for those who are looking for a truck that can handle anything they throw at it."
2020,Chevrolet,Sonic,USED,Kinetic Blue Metallic,Jet Black,4dr Sdn LT,Automatic,1G1JD5SB1L4122196,15994,17070,"CARFAX One-Owner. Clean CARFAX. Kinetic Blue Metallic 2020 Chevrolet Sonic LT FWD 6-Speed Automatic I4 16 Aluminum Wheels, 2 Spare Keys, 3.23 Final Drive Axle Ratio, 3-Spoke Sport Leather-Wrapped Steering Wheel, 6-Way Power Driver Seat Adjuster, Carpeted Front & Rear Deluxe Floor Mats, Compass Display, Convenience Package, Driver Confidence Package, Enhanced Driver Information Center, Forward Collision Alert, Front Fog Lamps, Heated Driver & Front Passenger Seats, Instrument Panel w/Piano Black Accents, Integrated Rear Decklid Spoiler, Keyless Open, Keyless Start, Lane Departure Warning System, Preferred Equipment Group 1SD, Rear Park Assist, Remote Vehicle Starter System, RS Lettering Ornamentation, RS Package, Sport Body Kit, Sporty Rocker Moldings.26/34 City/Highway MPGAwards:* JD Power Initial Quality StudyIf you have any questions or would like some general information about financing or would like a price quote on a new or used vehicle please call.",False,26,34,https://content.homenetiol.com/2000466/2078700/640x480/810d45dd58b34c1c90cf91d95f2da245.jpg,https://www.goschchevy.com/inventory/1G1JD5SB1L4122196/,Fuel-efficient subcompact hatchback perfect for city driving and budget-minded individuals. Imagine easy parking and zipping through traffic.
2020,Chevrolet,Traverse,USED,,,FWD 4dr LS w/1LS,Automatic,1GNERFKW0LJ104915,0,0,,False,18,27,,https://www.goschchevy.com/inventory/1GNERFKW0LJ104915/,"Traverse tames family chaos with its cavernous comfort, powerful towing muscle, and tech-fueled safety, all wrapped in a rugged, adventure-ready SUV. ????"
