Year,Make,Model,NewUsed,features,ExteriorColor,InteriorColor,Trim,Transmission,VIN,SellingPrice,Miles,VehicleDescription,Certified,EPACity,EPAHighway,ImageList,car_details_link
2023,Chevrolet,Silverado 1500,USED,"Chevrolet Silverado is a great truck that is known for its durability, power, capability, and comfort. It is a popular choice for both work and recreation, and it is a great option for those who are looking for a truck that can handle anything they throw at it.",Black,Jet Black,"2WD Crew Cab 147"" LT",Automatic,3GCPACEK6PG255863,39679,12029,"CARFAX One-Owner. Clean CARFAX. Black 2023 Chevrolet Silverado 1500 LT RWD 8-Speed Automatic 2.7L Turbo 8-Speed Automatic, Black Cloth.If you have any questions or would like some general information about financing or would like a price quote on a new or used vehicle please call.",FALSE,19,22,https://content.homenetiol.com/2000466/2078700/640x480/8cb6a970fc0d447aa362ca15ce2a819a.jpg,https://www.goschchevy.com/inventory/3GCPACEK6PG255863/
2023,Chevrolet,Silverado 1500,USED,"Chevrolet Silverado is a great truck that is known for its durability, power, capability, and comfort. It is a popular choice for both work and recreation, and it is a great option for those who are looking for a truck that can handle anything they throw at it.",Radiant Red Tintcoat,Jet Black,"2WD Crew Cab 147"" LT",Automatic,1GCPACED6PZ171494,45555,16121,"CARFAX One-Owner. Clean CARFAX. Radiant Red Tintcoat 2023 Chevrolet Silverado 1500 LT RWD 10-Speed Automatic EcoTec3 5.3L V8 10-Way Power Driver Seat w/Lumbar, 12.3 Multicolor Reconfigurable Digital Display, 120-Volt Bed Mounted Power Outlet, 120-Volt Instrument Panel Power Outlet, All-Star Edition, Auto-Locking Rear Differential, BluetoothÂ® For Phone, Chevrolet Connected Access Capable, Chrome Mirror Caps, Color-Keyed Carpeting Floor Covering, Compass, Convenience Package, Deep-Tinted Glass, Dual Rear USB Ports (Charge Only), Dual-Zone Automatic Climate Control, Electric Rear-Window Defogger, Electrical Steering Column Lock, Electronic Cruise Control, EZ Lift Power Lock & Release Tailgate, Front Rubberized Vinyl Floor Mats, HD Rear Vision Camera, Heated Driver & Front Outboard Passenger Seats, Heated Power-Adjustable Outside Mirrors, Heated Steering Wheel, Hitch Guidance, Inside Rear-View Mirror w/Tilt, Keyless Open & Start, LED Cargo Area Lighting, OnStar & Chevrolet Connected Services Capable, Power Front Windows w/Driver Express Up/Down, Power Front Windows w/Passenger Express Down, Power Rear Windows w/Express Down, Preferred Equipment Group 1LT, Rear 60/40 Folding Bench Seat (Folds Up), Rear Rubberized-Vinyl Floor Mats, Remote Start Package, Remote Vehicle Starter System, SiriusXM w/360L, Standard Suspension Package, Standard Tailgate, Steering Wheel Audio Controls, Theft Deterrent System (Unauthorized Entry), Trailering Package, Wheels: 17 x 8 Bright Silver Painted Aluminum, Wi-Fi Hot Spot Capable, Wireless Phone Projection, Wrapped Steering Wheel.Recent Arrival!If you have any questions or would like some general information about financing or would like a price quote on a new or used vehicle please call.",FALSE,17,21,https://content.homenetiol.com/2000466/2078700/640x480/531c0c86194d49aaa052dc0ec70660ee.jpg,https://www.goschchevy.com/inventory/1GCPACED6PZ171494/
2023,Chevrolet,Blazer,NEW,"Blazer boasts powerful engines, agile handling, spacious comfort, tech-savvy features, and safety options, making it a versatile SUV for adventure seekers.",Sterling Gray Metallic,Jet Black,FWD 4dr Premier,Automatic,3GNKBFR44PS218996,43462,36,,FALSE,22,29,https://content.homenetiol.com/2000466/2078700/640x480/f8d4d2b5c6fd44699010a7a1c65f5b4b.jpg,https://www.goschchevy.com/inventory/3GNKBFR44PS218996/
2024,Chevrolet,Silverado 1500,NEW,"Chevrolet Silverado is a great truck that is known for its durability, power, capability, and comfort. It is a popular choice for both work and recreation, and it is a great option for those who are looking for a truck that can handle anything they throw at it.",Summit White,Jet Black,"2WD Double Cab 147"" Custom",Automatic,1GCRABEK3RZ117087,42240,9,,FALSE,19,22,https://content.homenetiol.com/2000466/2078700/640x480/e8c4a1440f9b46da80cf2316379bb8aa.jpg,https://www.goschchevy.com/inventory/1GCRABEK3RZ117087/
2024,Chevrolet,Silverado 1500,NEW,"Chevrolet Silverado is a great truck that is known for its durability, power, capability, and comfort. It is a popular choice for both work and recreation, and it is a great option for those who are looking for a truck that can handle anything they throw at it.",Summit White,Jet Black,"2WD Crew Cab 147"" LT",Automatic,1GCPACEDXRZ120972,55140,5,,FALSE,17,21,https://content.homenetiol.com/2000466/2078700/640x480/98491bd0e49e4c47acc625a996d851fd.jpg,https://www.goschchevy.com/inventory/1GCPACEDXRZ120972/
2024,Chevrolet,Malibu,NEW,"a choice between efficient hybrid and potent gasoline engines, spacious comfort features, and advanced technology, making it a stylish sedan for everyday journeys.",Mineral Gray Metallic,Jet Black,4dr Sdn 1LT,Automatic,1G1ZD5ST0RF108041,29195,2,,FALSE,27,35,https://content.homenetiol.com/2000466/2078700/640x480/f79e8b20b6c24ccfbbd92eaadb401c71.jpg,https://www.goschchevy.com/inventory/1G1ZD5ST0RF108041/
2024,Chevrolet,Silverado 1500,NEW,"Chevrolet Silverado is a great truck that is known for its durability, power, capability, and comfort. It is a popular choice for both work and recreation, and it is a great option for those who are looking for a truck that can handle anything they throw at it.",Summit White,Jet Black,"2WD Crew Cab 147"" LT",Automatic,1GCPACED4RZ120885,55140,3,,FALSE,17,21,https://content.homenetiol.com/2000466/2078700/640x480/724f9e6601a046c5873f70ab74c4e955.jpg,https://www.goschchevy.com/inventory/1GCPACED4RZ120885/
2024,Chevrolet,Malibu,NEW,"a choice between efficient hybrid and potent gasoline engines, spacious comfort features, and advanced technology, making it a stylish sedan for everyday journeys.",Mineral Gray Metallic,Jet Black,4dr Sdn 1LT,Automatic,1G1ZD5STXRF108063,29195,2,,FALSE,27,35,https://content.homenetiol.com/2000466/2078700/640x480/8806021698bd46e493cb51b85b33d107.jpg,https://www.goschchevy.com/inventory/1G1ZD5STXRF108063/
2024,Chevrolet,Silverado 1500,NEW,"Chevrolet Silverado is a great truck that is known for its durability, power, capability, and comfort. It is a popular choice for both work and recreation, and it is a great option for those who are looking for a truck that can handle anything they throw at it.",Summit White,Jet Black,"2WD Crew Cab 147"" LT",Automatic,1GCPACEDXRZ127484,55240,5,,FALSE,17,21,https://content.homenetiol.com/2000466/2078700/640x480/2b6cf2c235a74550b4e914c942a59466.jpg,https://www.goschchevy.com/inventory/1GCPACEDXRZ127484/
2024,Chevrolet,Malibu,NEW,"a choice between efficient hybrid and potent gasoline engines, spacious comfort features, and advanced technology, making it a stylish sedan for everyday journeys.",Mineral Gray Metallic,Jet Black,4dr Sdn 1LT,Automatic,1G1ZD5ST2RF118506,29195,2,,FALSE,27,35,https://content.homenetiol.com/2000466/2078700/640x480/672bc5b9e1494e4892c678ef8a2d7271.jpg,https://www.goschchevy.com/inventory/1G1ZD5ST2RF118506/
2024,Chevrolet,Silverado 1500,NEW,"Chevrolet Silverado is a great truck that is known for its durability, power, capability, and comfort. It is a popular choice for both work and recreation, and it is a great option for those who are looking for a truck that can handle anything they throw at it.",Summit White,Jet Black,"2WD Crew Cab 147"" LT",Automatic,1GCPACED5RZ127537,55240,7,,FALSE,17,21,https://content.homenetiol.com/2000466/2078700/640x480/3f670202490b477688d86c9b07c06dec.jpg,https://www.goschchevy.com/inventory/1GCPACED5RZ127537/
2023,Chevrolet,Traverse,NEW,"Traverse tames family chaos with its cavernous comfort, powerful towing muscle, and tech-fueled safety, all wrapped in a rugged, adventure-ready SUV. ????",Summit White,Jet Black,AWD 4dr Premier,Automatic,1GNEVKKW0PJ311394,45728,21,,FALSE,17,25,https://content.homenetiol.com/2000466/2078700/640x480/c0f166113b8b47bdadddfaaab5351709.jpg,https://www.goschchevy.com/inventory/1GNEVKKW0PJ311394/
2024,Chevrolet,Silverado 1500,NEW,"Chevrolet Silverado is a great truck that is known for its durability, power, capability, and comfort. It is a popular choice for both work and recreation, and it is a great option for those who are looking for a truck that can handle anything they throw at it.",Radiant Red Tintcoat,Jet Black,"4WD Crew Cab 157"" RST",Automatic,1GCUDEEL6RZ146059,75815,6,,FALSE,14,20,https://content.homenetiol.com/2000466/2078700/640x480/d53e7be829fe4918bcf43fb4aecf39c7.jpg,https://www.goschchevy.com/inventory/1GCUDEEL6RZ146059/
2023,Chevrolet,Traverse,NEW,"Traverse tames family chaos with its cavernous comfort, powerful towing muscle, and tech-fueled safety, all wrapped in a rugged, adventure-ready SUV. ????",Summit White,Jet Black,AWD 4dr Premier,Automatic,1GNEVKKW5PJ320625,45728,5,,FALSE,17,25,https://content.homenetiol.com/2000466/2078700/640x480/c9c79ee452c2499cb2ae73f044f58af7.jpg,https://www.goschchevy.com/inventory/1GNEVKKW5PJ320625/
2023,Chevrolet,Traverse,NEW,"Traverse tames family chaos with its cavernous comfort, powerful towing muscle, and tech-fueled safety, all wrapped in a rugged, adventure-ready SUV. ????",Summit White,Jet Black,AWD 4dr Premier,Automatic,1GNEVKKW6PJ311545,45728,4,,FALSE,17,25,https://content.homenetiol.com/2000466/2078700/640x480/e3b10be7dcee4545b92148269612ea76.jpg,https://www.goschchevy.com/inventory/1GNEVKKW6PJ311545/
2024,Chevrolet,Silverado 1500,NEW,"Chevrolet Silverado is a great truck that is known for its durability, power, capability, and comfort. It is a popular choice for both work and recreation, and it is a great option for those who are looking for a truck that can handle anything they throw at it.",Summit White,Jet Black,"2WD Crew Cab 157"" LT",Automatic,3GCPACED8RG107931,57495,13,,FALSE,17,21,https://content.homenetiol.com/2000466/2078700/640x480/99aa0431cc7b4a378d1418e832c8fc9c.jpg,https://www.goschchevy.com/inventory/3GCPACED8RG107931/
2024,Chevrolet,Silverado 1500,NEW,"Chevrolet Silverado is a great truck that is known for its durability, power, capability, and comfort. It is a popular choice for both work and recreation, and it is a great option for those who are looking for a truck that can handle anything they throw at it.",Black,Jet Black,"4WD Crew Cab 147"" Custom Trail Boss",Automatic,3GCUDCED5RG115379,66070,9,,FALSE,16,20,https://content.homenetiol.com/2000466/2078700/640x480/a7f64fd6b07540218e1c7d5baa8fe048.jpg,https://www.goschchevy.com/inventory/3GCUDCED5RG115379/
2024,Chevrolet,Silverado 1500,NEW,"Chevrolet Silverado is a great truck that is known for its durability, power, capability, and comfort. It is a popular choice for both work and recreation, and it is a great option for those who are looking for a truck that can handle anything they throw at it.",Summit White,Jet Black,"2WD Crew Cab 157"" LT",Automatic,3GCPACED7RG103742,57345,9,,FALSE,17,21,https://content.homenetiol.com/2000466/2078700/640x480/04554e3a10614b28953c0830a94a4107.jpg,https://www.goschchevy.com/inventory/3GCPACED7RG103742/
2024,Chevrolet,Silverado 1500,NEW,"Chevrolet Silverado is a great truck that is known for its durability, power, capability, and comfort. It is a popular choice for both work and recreation, and it is a great option for those who are looking for a truck that can handle anything they throw at it.",Summit White,Jet Black,"2WD Crew Cab 157"" LT",Automatic,3GCPACEDXRG103749,57345,12,,FALSE,17,21,https://content.homenetiol.com/2000466/2078700/640x480/9a27a9099c43433c82b6625276f4838f.jpg,https://www.goschchevy.com/inventory/3GCPACEDXRG103749/
2024,Chevrolet,Equinox,NEW,"Stylishly spacious SUV, zips through commutes, fuels weekend escapes, versatile enough for family adventures, hints of sporty fun when unleashed.",Summit White,Medium Ash Gray,FWD 4dr LS w/1LS,Automatic,3GNAXHEG4RL138703,28220,8,,FALSE,26,31,https://content.homenetiol.com/2000466/2078700/640x480/1eb2710961314ba68f0754618bdf7fc5.jpg,https://www.goschchevy.com/inventory/3GNAXHEG4RL138703/
2024,Chevrolet,Silverado 1500,NEW,"Chevrolet Silverado is a great truck that is known for its durability, power, capability, and comfort. It is a popular choice for both work and recreation, and it is a great option for those who are looking for a truck that can handle anything they throw at it.",Black,Jet Black,"4WD Crew Cab 147"" High Country",Automatic,2GCUDJED6R1130826,77090,63,,FALSE,16,20,https://content.homenetiol.com/2000466/2078700/640x480/f877a08c7b114ee1ab06187884c6c097.jpg,https://www.goschchevy.com/inventory/2GCUDJED6R1130826/
2024,Chevrolet,Silverado 1500,NEW,"Chevrolet Silverado is a great truck that is known for its durability, power, capability, and comfort. It is a popular choice for both work and recreation, and it is a great option for those who are looking for a truck that can handle anything they throw at it.",Sterling Gray Metallic,Jet Black,"2WD Crew Cab 157"" LT",Automatic,1GCPACED1RZ148174,56380,4,,FALSE,17,21,https://content.homenetiol.com/2000466/2078700/640x480/a977e16cc81c45adbd2021de16098e5f.jpg,https://www.goschchevy.com/inventory/1GCPACED1RZ148174/
2024,Chevrolet,Silverado 1500,NEW,"Chevrolet Silverado is a great truck that is known for its durability, power, capability, and comfort. It is a popular choice for both work and recreation, and it is a great option for those who are looking for a truck that can handle anything they throw at it.",Summit White,Jet Black,"2WD Crew Cab 157"" LT",Automatic,3GCPACED0RG107955,55540,6,,FALSE,17,21,https://content.homenetiol.com/2000466/2078700/640x480/c1ff0798020341528c69d6203488de75.jpg,https://www.goschchevy.com/inventory/3GCPACED0RG107955/
2024,Chevrolet,Silverado 1500,NEW,"Chevrolet Silverado is a great truck that is known for its durability, power, capability, and comfort. It is a popular choice for both work and recreation, and it is a great option for those who are looking for a truck that can handle anything they throw at it.",Summit White,Jet Black,"2WD Crew Cab 157"" LT",Automatic,3GCPACED1RG108158,55540,12,,FALSE,17,21,https://content.homenetiol.com/2000466/2078700/640x480/43592aced67f41a6bdd0f2294079f100.jpg,https://www.goschchevy.com/inventory/3GCPACED1RG108158/
2024,Chevrolet,Silverado 1500,NEW,"Chevrolet Silverado is a great truck that is known for its durability, power, capability, and comfort. It is a popular choice for both work and recreation, and it is a great option for those who are looking for a truck that can handle anything they throw at it.",Summit White,Jet Black,"2WD Crew Cab 157"" LT",Automatic,3GCPACED3RG108176,55540,12,,FALSE,17,21,https://content.homenetiol.com/2000466/2078700/640x480/f4ca00530bfd4504b0d97766963614b0.jpg,https://www.goschchevy.com/inventory/3GCPACED3RG108176/
2024,Chevrolet,Silverado 1500,NEW,"Chevrolet Silverado is a great truck that is known for its durability, power, capability, and comfort. It is a popular choice for both work and recreation, and it is a great option for those who are looking for a truck that can handle anything they throw at it.",Summit White,Jet Black,"2WD Crew Cab 157"" LT",Automatic,3GCPACED9RG107937,55540,10,,FALSE,17,21,https://content.homenetiol.com/2000466/2078700/640x480/6431f0113f08406c985e1ac899ec5f6e.jpg,https://www.goschchevy.com/inventory/3GCPACED9RG107937/
2024,Chevrolet,Equinox,NEW,"Stylishly spacious SUV, zips through commutes, fuels weekend escapes, versatile enough for family adventures, hints of sporty fun when unleashed.",Mosaic Black Metallic,Medium Ash Gray,FWD 4dr LS w/1LS,Automatic,3GNAXHEG4RL159521,29030,10,,FALSE,26,31,https://content.homenetiol.com/2000466/2078700/640x480/7543afbc654e424f974dd5ab34937134.jpg,https://www.goschchevy.com/inventory/3GNAXHEG4RL159521/
2024,Chevrolet,Equinox,NEW,"Stylishly spacious SUV, zips through commutes, fuels weekend escapes, versatile enough for family adventures, hints of sporty fun when unleashed.",Mosaic Black Metallic,Medium Ash Gray,FWD 4dr LS w/1LS,Automatic,3GNAXHEG8RL155553,29030,10,,FALSE,26,31,https://content.homenetiol.com/2000466/2078700/640x480/b2ecb7250650458a8172d1d477b2b327.jpg,https://www.goschchevy.com/inventory/3GNAXHEG8RL155553/
2024,Chevrolet,Equinox,NEW,"Stylishly spacious SUV, zips through commutes, fuels weekend escapes, versatile enough for family adventures, hints of sporty fun when unleashed.",Mosaic Black Metallic,Medium Ash Gray,FWD 4dr LS w/1LS,Automatic,3GNAXHEG8RL159537,29030,9,,FALSE,26,31,https://content.homenetiol.com/2000466/2078700/640x480/48fad69f2d7f41dc9a1084087197030e.jpg,https://www.goschchevy.com/inventory/3GNAXHEG8RL159537/
2024,Chevrolet,Silverado 1500,NEW,"Chevrolet Silverado is a great truck that is known for its durability, power, capability, and comfort. It is a popular choice for both work and recreation, and it is a great option for those who are looking for a truck that can handle anything they throw at it.",Summit White,Jet Black,"2WD Crew Cab 157"" LT",Automatic,3GCPACED5RG104050,65340,8,,FALSE,17,21,https://content.homenetiol.com/2000466/2078700/640x480/abbe5413b75c4e77972695c5eef3cf67.jpg,https://www.goschchevy.com/inventory/3GCPACED5RG104050/
2024,Chevrolet,Silverado 1500,NEW,"Chevrolet Silverado is a great truck that is known for its durability, power, capability, and comfort. It is a popular choice for both work and recreation, and it is a great option for those who are looking for a truck that can handle anything they throw at it.",Summit White,Jet Black,"2WD Crew Cab 157"" LT",Automatic,3GCPACED6RG104039,57345,10,,FALSE,17,21,https://content.homenetiol.com/2000466/2078700/640x480/eb39326c46d54f179a20474c2cd4a26f.jpg,https://www.goschchevy.com/inventory/3GCPACED6RG104039/
2024,Chevrolet,Silverado 1500,NEW,"Chevrolet Silverado is a great truck that is known for its durability, power, capability, and comfort. It is a popular choice for both work and recreation, and it is a great option for those who are looking for a truck that can handle anything they throw at it.",Summit White,Jet Black,"2WD Crew Cab 157"" LT",Automatic,3GCPACEDXRG104044,57345,8,,FALSE,17,21,https://content.homenetiol.com/2000466/2078700/640x480/33201b8ec58b45819b267790f0aed4a0.jpg,https://www.goschchevy.com/inventory/3GCPACEDXRG104044/
2024,Chevrolet,Silverado 1500,NEW,"Chevrolet Silverado is a great truck that is known for its durability, power, capability, and comfort. It is a popular choice for both work and recreation, and it is a great option for those who are looking for a truck that can handle anything they throw at it.",Summit White,Jet Black,"2WD Crew Cab 157"" LT",Automatic,3GCPACED5RG108163,55540,11,,FALSE,17,21,https://content.homenetiol.com/2000466/2078700/640x480/acbb3307bc8140b3b5e44397a36bf89b.jpg,https://www.goschchevy.com/inventory/3GCPACED5RG108163/
2024,Chevrolet,Silverado 1500,NEW,"Chevrolet Silverado is a great truck that is known for its durability, power, capability, and comfort. It is a popular choice for both work and recreation, and it is a great option for those who are looking for a truck that can handle anything they throw at it.",Summit White,Jet Black,"2WD Double Cab 147"" Custom",Automatic,1GCRABEK9RZ166052,45495,2,,FALSE,19,22,https://content.homenetiol.com/2000466/2078700/640x480/18365716a6d34cdea7a73a35d9da1acc.jpg,https://www.goschchevy.com/inventory/1GCRABEK9RZ166052/
2024,Chevrolet,Camaro,NEW,"Untamed American muscle, roars through corners with heart-pounding thrills, a head-turning silhouette that screams pure driving exhilaration.",Vivid Orange Metallic,Jet Black,2dr Conv 3LT,Manual,1G1FD3DS8R0106066,46485,2,,FALSE,18,29,https://content.homenetiol.com/2000466/2078700/640x480/2c7249ce98a748babeab517ff0e72e94.jpg,https://www.goschchevy.com/inventory/1G1FD3DS8R0106066/
2024,Chevrolet,Silverado 1500,NEW,"Chevrolet Silverado is a great truck that is known for its durability, power, capability, and comfort. It is a popular choice for both work and recreation, and it is a great option for those who are looking for a truck that can handle anything they throw at it.",Sterling Gray Metallic,Jet Black,"2WD Crew Cab 157"" LT",Automatic,1GCPACED0RZ148117,56380,2,,FALSE,17,21,https://content.homenetiol.com/2000466/2078700/640x480/757b9696449e4ecaac0a164cdc424237.jpg,https://www.goschchevy.com/inventory/1GCPACED0RZ148117/
2024,Chevrolet,Silverado 1500,NEW,"Chevrolet Silverado is a great truck that is known for its durability, power, capability, and comfort. It is a popular choice for both work and recreation, and it is a great option for those who are looking for a truck that can handle anything they throw at it.",Sterling Gray Metallic,Jet Black,"2WD Crew Cab 157"" LT",Automatic,1GCPACED5RZ148291,56380,2,,FALSE,17,21,https://content.homenetiol.com/2000466/2078700/640x480/ecc835e74d074bf58687141f1e1d9874.jpg,https://www.goschchevy.com/inventory/1GCPACED5RZ148291/
2024,Chevrolet,Silverado 1500,NEW,"Chevrolet Silverado is a great truck that is known for its durability, power, capability, and comfort. It is a popular choice for both work and recreation, and it is a great option for those who are looking for a truck that can handle anything they throw at it.",Summit White,Jet Black,"4WD Double Cab 147"" Custom",Automatic,1GCRDBEK4RZ151918,48795,2,,FALSE,18,21,https://content.homenetiol.com/2000466/2078700/640x480/b9f52b74d6ad4b78a7b83cce56c6438e.jpg,https://www.goschchevy.com/inventory/1GCRDBEK4RZ151918/
2024,Chevrolet,Silverado 1500,NEW,"Chevrolet Silverado is a great truck that is known for its durability, power, capability, and comfort. It is a popular choice for both work and recreation, and it is a great option for those who are looking for a truck that can handle anything they throw at it.",Summit White,Jet Black,"4WD Double Cab 147"" Custom",Automatic,1GCRDBEK8RZ162727,56790,2,,FALSE,18,21,https://content.homenetiol.com/2000466/2078700/640x480/cc333a18a6d64d42bd525939705891ec.jpg,https://www.goschchevy.com/inventory/1GCRDBEK8RZ162727/
2024,Chevrolet,Silverado 1500,NEW,"Chevrolet Silverado is a great truck that is known for its durability, power, capability, and comfort. It is a popular choice for both work and recreation, and it is a great option for those who are looking for a truck that can handle anything they throw at it.",Black,Jet Black,"4WD Crew Cab 147"" LTZ",Automatic,1GCUDGEL3RZ152056,66635,2,,FALSE,14,20,https://content.homenetiol.com/2000466/2078700/640x480/a18695345ccd41cd8201df89a9f7f7ab.jpg,https://www.goschchevy.com/inventory/1GCUDGEL3RZ152056/
2024,Chevrolet,Silverado 1500,NEW,"Chevrolet Silverado is a great truck that is known for its durability, power, capability, and comfort. It is a popular choice for both work and recreation, and it is a great option for those who are looking for a truck that can handle anything they throw at it.",Red Hot,Jet Black,"2WD Crew Cab 157"" LT",Automatic,3GCPACED0RG126800,55815,2,,FALSE,17,21,https://content.homenetiol.com/2000466/2078700/640x480/714b7c4149ed41118e125a2b76cd759c.jpg,https://www.goschchevy.com/inventory/3GCPACED0RG126800/
2024,Chevrolet,Camaro,NEW,"Untamed American muscle, roars through corners with heart-pounding thrills, a head-turning silhouette that screams pure driving exhilaration.",Sharkskin Metallic,Jet Black,2dr Conv 1LT,Manual,1G1FB3DS1R0116010,40090,3,,FALSE,18,29,https://content.homenetiol.com/2000466/2078700/640x480/f68843c79c3840feb4e88b8d33565fc4.jpg,https://www.goschchevy.com/inventory/1G1FB3DS1R0116010/
2024,Chevrolet,Silverado 1500,NEW,"Chevrolet Silverado is a great truck that is known for its durability, power, capability, and comfort. It is a popular choice for both work and recreation, and it is a great option for those who are looking for a truck that can handle anything they throw at it.",Summit White,Jet Black,"2WD Crew Cab 147"" Custom",Automatic,1GCPABEK0RZ194202,48590,2,,FALSE,19,22,https://content.homenetiol.com/2000466/2078700/640x480/37cfb007b5aa4b3b872c09af15ac0b96.jpg,https://www.goschchevy.com/inventory/1GCPABEK0RZ194202/
2024,Chevrolet,Silverado 1500,NEW,"Chevrolet Silverado is a great truck that is known for its durability, power, capability, and comfort. It is a popular choice for both work and recreation, and it is a great option for those who are looking for a truck that can handle anything they throw at it.",Summit White,Jet Black,"2WD Double Cab 147"" Custom",Automatic,1GCRABEKXRZ187265,45495,2,,FALSE,19,22,https://content.homenetiol.com/2000466/2078700/640x480/5dd84eda8ce8424fb399d8a4b25f30ce.jpg,https://www.goschchevy.com/inventory/1GCRABEKXRZ187265/
2024,Chevrolet,Silverado 1500,NEW,"Chevrolet Silverado is a great truck that is known for its durability, power, capability, and comfort. It is a popular choice for both work and recreation, and it is a great option for those who are looking for a truck that can handle anything they throw at it.",Red Hot,Jet Black,"2WD Crew Cab 157"" LT",Automatic,3GCPACED7RG126342,55815,10,,FALSE,17,21,https://content.homenetiol.com/2000466/2078700/640x480/dd8cec747dd840119a35d6f545566179.jpg,https://www.goschchevy.com/inventory/3GCPACED7RG126342/
2024,Chevrolet,Silverado 1500,NEW,"Chevrolet Silverado is a great truck that is known for its durability, power, capability, and comfort. It is a popular choice for both work and recreation, and it is a great option for those who are looking for a truck that can handle anything they throw at it.",Summit White,Jet Black,"2WD Crew Cab 157"" LT",Automatic,3GCPACEK3RG159241,53445,9,,FALSE,19,22,https://content.homenetiol.com/2000466/2078700/640x480/61f5341d331b4078806a4496eb19f889.jpg,https://www.goschchevy.com/inventory/3GCPACEK3RG159241/
2024,Chevrolet,Silverado 1500,NEW,"Chevrolet Silverado is a great truck that is known for its durability, power, capability, and comfort. It is a popular choice for both work and recreation, and it is a great option for those who are looking for a truck that can handle anything they throw at it.",Summit White,Jet Black,"2WD Crew Cab 157"" LT",Automatic,3GCPACEK4RG159250,53445,9,,FALSE,19,22,https://content.homenetiol.com/2000466/2078700/640x480/e0b0a5e99ee04b3d8d8c11f82cfc88e9.jpg,https://www.goschchevy.com/inventory/3GCPACEK4RG159250/
2024,Chevrolet,Silverado 1500,NEW,"Chevrolet Silverado is a great truck that is known for its durability, power, capability, and comfort. It is a popular choice for both work and recreation, and it is a great option for those who are looking for a truck that can handle anything they throw at it.",Red Hot,Jet Black,"2WD Crew Cab 157"" LT",Automatic,3GCPACED7RG126793,64810,12,,FALSE,17,21,https://content.homenetiol.com/2000466/2078700/640x480/ebf88fac6a954858be7d29c65064dbbb.jpg,https://www.goschchevy.com/inventory/3GCPACED7RG126793/
2024,Chevrolet,Blazer,NEW,"Blazer boasts powerful engines, agile handling, spacious comfort, tech-savvy features, and safety options, making it a versatile SUV for adventure seekers.",Sterling Gray Metallic,Jet Black with Red Accents,FWD 4dr RS,Automatic,3GNKBERS6RS181297,44195,3,,FALSE,19,27,https://content.homenetiol.com/2000466/2078700/640x480/934a8be8ddd94eb686b5b7eb21889b1d.jpg,https://www.goschchevy.com/inventory/3GNKBERS6RS181297/
2024,Chevrolet,Silverado 3500HD,NEW,"Hauls mountains, tows giants, conquers off-road, yet pampers your crew with surprising comfort",Summit White,Jet Black,"4WD Crew Cab 172"" High Country",Automatic,1GC4YVEY4RF282501,103490,8,,FALSE,0,0,https://content.homenetiol.com/2000466/2078700/640x480/e3c56730ecd24388996beb973427fcaa.jpg,https://www.goschchevy.com/inventory/1GC4YVEY4RF282501/
2023,Chevrolet,Bolt EV,NEW,"Bolt EV zaps you with electrifying speed, spacious and tech-savvy interior, and eco-friendly driving, making it a zippy choice for city commutes and green adventures.",Mosaic Black Metallic,Jet Black,5dr Wgn 2LT,,1G1FX6S00P4202726,32380,2,,FALSE,0,0,https://content.homenetiol.com/2000466/2078700/640x480/860b3fc5c20045ff8293f960a507eb49.jpg,https://www.goschchevy.com/inventory/1G1FX6S00P4202726/
2024,Chevrolet,Silverado 1500,NEW,"Chevrolet Silverado is a great truck that is known for its durability, power, capability, and comfort. It is a popular choice for both work and recreation, and it is a great option for those who are looking for a truck that can handle anything they throw at it.",Sterling Gray Metallic,Jet Black,"4WD Crew Cab 147"" LT w/1LT",Automatic,2GCUDDED3R1175627,59390,9,,FALSE,15,20,https://content.homenetiol.com/2000466/2078700/640x480/3073251d0fba4c2791cd4d12a1d995f4.jpg,https://www.goschchevy.com/inventory/2GCUDDED3R1175627/
2024,Chevrolet,Silverado 1500,NEW,"Chevrolet Silverado is a great truck that is known for its durability, power, capability, and comfort. It is a popular choice for both work and recreation, and it is a great option for those who are looking for a truck that can handle anything they throw at it.",Summit White,Jet Black,"4WD Crew Cab 147"" LT w/1LT",Automatic,2GCUDDEDXR1175642,59390,3,,FALSE,15,20,https://content.homenetiol.com/2000466/2078700/640x480/34819229615d4856b29cf5f2bb90a15f.jpg,https://www.goschchevy.com/inventory/2GCUDDEDXR1175642/
2022,Honda,Odyssey,USED,"Sleek minivan design with surprising agility, making family adventures stylish and comfortable. Cruise highway miles effortlessly, yet maneuver streets with ease.",Gray,,EX-L Auto,Automatic,5FNRL6H73NB001509,29535,51596,"CARFAX One-Owner. Modern Steel Metallic 2022 Honda Odyssey EX-L FWD 10-Speed Automatic 3.5L V6 SOHC i-VTEC 24V Adaptive Cruise Control: Adaptive Cruise Control (ACC) with Low-Speed Follow, Automatic temperature control, Forward collision: Collision Mitigation Braking System (CMBS) + FCW mitigation, Front dual zone A/C, Lane departure: Lane Keeping Assist System (LKAS) active, Power Liftgate, Steering wheel mounted audio controls.Recent Arrival! 19/28 City/Highway MPGIf you have any questions or would like some general information about financing or would like a price quote on a new or used vehicle please call.",FALSE,19,28,https://content.homenetiol.com/2000466/2078700/640x480/fb13fd8e2add44c0867fa0076e7b985c.jpg,https://www.goschchevy.com/inventory/5FNRL6H73NB001509/
2024,Chevrolet,Silverado 1500,NEW,"Chevrolet Silverado is a great truck that is known for its durability, power, capability, and comfort. It is a popular choice for both work and recreation, and it is a great option for those who are looking for a truck that can handle anything they throw at it.",Slate Gray Metallic,Jet Black,"2WD Crew Cab 157"" LT",Automatic,3GCPACED6RG127322,64810,11,,FALSE,17,21,https://content.homenetiol.com/2000466/2078700/640x480/5e56ca97cd804ed0b95d5047a412f607.jpg,https://www.goschchevy.com/inventory/3GCPACED6RG127322/
2024,Chevrolet,Blazer,NEW,"Blazer boasts powerful engines, agile handling, spacious comfort, tech-savvy features, and safety options, making it a versatile SUV for adventure seekers.",Blue,Jet Black with Red Accents,FWD 4dr RS,Automatic,3GNKBERSXRS184090,48815,4,,FALSE,19,27,https://content.homenetiol.com/2000466/2078700/640x480/a5f3cadd1d3d4f628d6eea5e95e8546c.jpg,https://www.goschchevy.com/inventory/3GNKBERSXRS184090/
2024,Chevrolet,Silverado 2500HD,NEW," Hauls mountains, tows giants, conquers off-road, yet pampers your crew with surprising comfort",Summit White,Jet Black,"4WD Crew Cab 172"" High Country",Automatic,1GC4YREY2RF286943,99530,6,,FALSE,0,0,https://content.homenetiol.com/2000466/2078700/640x480/30e9e3d3f5674219975e77fb3bf9e96f.jpg,https://www.goschchevy.com/inventory/1GC4YREY2RF286943/
2024,Chevrolet,Silverado 1500,NEW,"Chevrolet Silverado is a great truck that is known for its durability, power, capability, and comfort. It is a popular choice for both work and recreation, and it is a great option for those who are looking for a truck that can handle anything they throw at it.",Sterling Gray Metallic,Jet Black,"4WD Crew Cab 147"" LT w/1LT",Automatic,2GCUDDED5R1175581,59390,3,,FALSE,15,20,https://content.homenetiol.com/2000466/2078700/640x480/21d1433c4e8d493b9e3ce9b362121719.jpg,https://www.goschchevy.com/inventory/2GCUDDED5R1175581/
2022,Chevrolet,Tahoe,USED,"Tahoe conquers any road with its imposing presence, powerhouse engines, spacious family haven, and tech-guided confidence, making it an off-road-ready giant for boundless adventures. ?",Satin Steel Metallic,Jet Black,4WD 4dr Premier,Automatic,1GNSKSKD1NR155990,54899,48735,"Prior Rental. CARFAX One-Owner. Clean CARFAX. Satin Steel Metallic 2022 Chevrolet Tahoe Premier 4WD 10-Speed Automatic with Overdrive EcoTec3 5.3L V8 Prior Rental, 1st & 2nd Row Color-Keyed Carpeted Floor Mats, 2-Speed Active Electronic AutoTrac Transfer Case, 3rd Row 60/40 Power-Folding Split-Bench Seat, Auto-Dimming Inside Rear-View Mirror, Automatic Stop/Start, Bose 10-Speaker Centerpoint Surround Audio Sys Ft, Bright Front & Rear Door Sill Plates, Chrome Door Handles w/Body-Color Strip, Chrome Mirror Caps, Color-Keyed Carpeting Floor Covering, Driver & Front Outboard Passenger Airbags, Dual Exhaust System, Enhanced Driver Information Center, Floor Console, Hands-Free Rear Power Programmable Liftgate, Heated 2nd Row Outboard Seats, Heated Steering Wheel, Hill Descent Control, Infotainment Display, Lane Change Alert w/Side Blind Zone Alert, Leather-Wrapped Steering Wheel, LED Daytime Running Lamps, Memory Settings, Navigation System, Outside Heated Power-Adjustable Mirrors, Power Liftgate, Power Release 2nd Row Bucket Seats, Power Tilt & Telescopic Steering Column, Preferred Equipment Group 1LZ, Rear Cross Traffic Alert, Remote Start, Safety Alert Seat, SiriusXM Radio w/360L, Start/Stop System Disable Button, Universal Home Remote, Wireless Charging.Recent Arrival!Awards:* ALG Residual ValueIf you have any questions or would like some general information about financing or would like a price quote on a new or used vehicle please call.",FALSE,15,20,https://content.homenetiol.com/2000466/2078700/640x480/cf709761dc154323a006bf43ee41f1b7.jpg,https://www.goschchevy.com/inventory/1GNSKSKD1NR155990/
2024,Chevrolet,Silverado 1500,NEW,"Chevrolet Silverado is a great truck that is known for its durability, power, capability, and comfort. It is a popular choice for both work and recreation, and it is a great option for those who are looking for a truck that can handle anything they throw at it.",Sterling Gray Metallic,Jet Black,"2WD Crew Cab 147"" Custom",Automatic,3GCPABEK4RG155600,54540,10,,FALSE,19,22,https://content.homenetiol.com/2000466/2078700/640x480/3f4d162a106e4c0998de2cd3a1ef0e21.jpg,https://www.goschchevy.com/inventory/3GCPABEK4RG155600/
2023,Chevrolet,Traverse,NEW,"Traverse tames family chaos with its cavernous comfort, powerful towing muscle, and tech-fueled safety, all wrapped in a rugged, adventure-ready SUV. ????",Summit White,Jet Black/Clove,FWD 4dr High Country,Automatic,1GNERNKW4PJ332402,53395,5,,FALSE,18,27,https://content.homenetiol.com/2000466/2078700/640x480/e2edd9a2716d43a3b639c0db4d97f536.jpg,https://www.goschchevy.com/inventory/1GNERNKW4PJ332402/
2024,Chevrolet,Silverado 1500,NEW,"Chevrolet Silverado is a great truck that is known for its durability, power, capability, and comfort. It is a popular choice for both work and recreation, and it is a great option for those who are looking for a truck that can handle anything they throw at it.",Sterling Gray Metallic,Jet Black,"4WD Crew Cab 147"" LT w/1LT",Automatic,2GCUDDED2R1175604,59390,4,,FALSE,15,20,https://content.homenetiol.com/2000466/2078700/640x480/7d28db8544104100a23be149e90afb9c.jpg,https://www.goschchevy.com/inventory/2GCUDDED2R1175604/
2024,Chevrolet,Silverado 1500,NEW,"Chevrolet Silverado is a great truck that is known for its durability, power, capability, and comfort. It is a popular choice for both work and recreation, and it is a great option for those who are looking for a truck that can handle anything they throw at it.",Summit White,Jet Black,"4WD Crew Cab 147"" LT w/1LT",Automatic,2GCUDDED7R1175663,59390,5,,FALSE,15,20,https://content.homenetiol.com/2000466/2078700/640x480/a34797ed12724eccb73f5ff6e9a9b975.jpg,https://www.goschchevy.com/inventory/2GCUDDED7R1175663/
2023,Chevrolet,Traverse,NEW,"Traverse tames family chaos with its cavernous comfort, powerful towing muscle, and tech-fueled safety, all wrapped in a rugged, adventure-ready SUV. ????",Summit White,Jet Black/Clove,FWD 4dr High Country,Automatic,1GNERNKW4PJ335218,53395,4,,FALSE,18,27,https://content.homenetiol.com/2000466/2078700/640x480/c242d7e0f53b4f168ccd35e72f35f16b.jpg,https://www.goschchevy.com/inventory/1GNERNKW4PJ335218/
2024,Chevrolet,Blazer,NEW,"Blazer boasts powerful engines, agile handling, spacious comfort, tech-savvy features, and safety options, making it a versatile SUV for adventure seekers.",Red Hot,Jet Black with Red Accents,FWD 4dr RS,Automatic,3GNKBERS6RS183700,45295,3,,FALSE,19,27,https://content.homenetiol.com/2000466/2078700/640x480/3a137d022aae4faf846602bc2e74cad1.jpg,https://www.goschchevy.com/inventory/3GNKBERS6RS183700/
2024,Chevrolet,Silverado 2500HD,NEW," Hauls mountains, tows giants, conquers off-road, yet pampers your crew with surprising comfort",Black,Jet Black,"4WD Crew Cab 159"" High Country",Automatic,2GC4YREY8R1164028,83435,11,,FALSE,0,0,https://content.homenetiol.com/2000466/2078700/640x480/dc8327b00e884442be63062f71056331.jpg,https://www.goschchevy.com/inventory/2GC4YREY8R1164028/
2024,Chevrolet,Silverado 1500,NEW,"Chevrolet Silverado is a great truck that is known for its durability, power, capability, and comfort. It is a popular choice for both work and recreation, and it is a great option for those who are looking for a truck that can handle anything they throw at it.",Summit White,Jet Black,"4WD Crew Cab 147"" LT w/1LT",Automatic,2GCUDDED0R1175651,59390,6,,FALSE,15,20,https://content.homenetiol.com/2000466/2078700/640x480/7a05d355684e4ceb9816d83efe7156d2.jpg,https://www.goschchevy.com/inventory/2GCUDDED0R1175651/
2024,Chevrolet,Silverado 1500,NEW,"Chevrolet Silverado is a great truck that is known for its durability, power, capability, and comfort. It is a popular choice for both work and recreation, and it is a great option for those who are looking for a truck that can handle anything they throw at it.",Summit White,Jet Black,"4WD Crew Cab 147"" LT w/1LT",Automatic,2GCUDDED1R1175674,59390,5,,FALSE,15,20,https://content.homenetiol.com/2000466/2078700/640x480/e8106fc6ca7e41e2a34b09fa3bc7e342.jpg,https://www.goschchevy.com/inventory/2GCUDDED1R1175674/
2024,Chevrolet,Silverado 3500HD,NEW,"Hauls mountains, tows giants, conquers off-road, yet pampers your crew with surprising comfort",Summit White,Jet Black,"4WD Crew Cab 159"" High Country",Automatic,2GC4YVEY3R1121726,96960,8,,FALSE,0,0,https://content.homenetiol.com/2000466/2078700/640x480/b3b91375d0f1427aae2df87dedde82c5.jpg,https://www.goschchevy.com/inventory/2GC4YVEY3R1121726/
2023,Chevrolet,Traverse,NEW,"Traverse tames family chaos with its cavernous comfort, powerful towing muscle, and tech-fueled safety, all wrapped in a rugged, adventure-ready SUV. ????",Summit White,Jet Black/Clove,FWD 4dr High Country,Automatic,1GNERNKW5PJ338273,53395,3,,FALSE,18,27,https://content.homenetiol.com/2000466/2078700/640x480/f03a263f1d43475ba4949ded381df657.jpg,https://www.goschchevy.com/inventory/1GNERNKW5PJ338273/
2024,Chevrolet,Tahoe,NEW,"Tahoe conquers any road with its imposing presence, powerhouse engines, spacious family haven, and tech-guided confidence, making it an off-road-ready giant for boundless adventures. ?",Summit White,Jet Black,4WD 4dr LS,Automatic,1GNSKMKDXRR120494,61195,2,,FALSE,15,20,https://content.homenetiol.com/2000466/2078700/640x480/68d69d6db36a4f2bbcc8c7e18c4501f2.jpg,https://www.goschchevy.com/inventory/1GNSKMKDXRR120494/
2024,Chevrolet,Silverado 1500,NEW,"Chevrolet Silverado is a great truck that is known for its durability, power, capability, and comfort. It is a popular choice for both work and recreation, and it is a great option for those who are looking for a truck that can handle anything they throw at it.",Summit White,Jet Black,"2WD Crew Cab 147"" Custom",Automatic,1GCPABEK0RZ222368,48590,3,,FALSE,19,22,https://content.homenetiol.com/2000466/2078700/640x480/ec9c989a09fb40f1a80053fc132cf496.jpg,https://www.goschchevy.com/inventory/1GCPABEK0RZ222368/
2024,Chevrolet,Silverado 1500,NEW,"Chevrolet Silverado is a great truck that is known for its durability, power, capability, and comfort. It is a popular choice for both work and recreation, and it is a great option for those who are looking for a truck that can handle anything they throw at it.",Summit White,Jet Black,"2WD Crew Cab 147"" Custom",Automatic,1GCPABEKXRZ222619,48590,3,,FALSE,19,22,https://content.homenetiol.com/2000466/2078700/640x480/46b465cf455147ebb1f0a06a1adba7e5.jpg,https://www.goschchevy.com/inventory/1GCPABEKXRZ222619/
2024,Chevrolet,Silverado 1500,NEW,"Chevrolet Silverado is a great truck that is known for its durability, power, capability, and comfort. It is a popular choice for both work and recreation, and it is a great option for those who are looking for a truck that can handle anything they throw at it.",Summit White,Jet Black,"2WD Double Cab 147"" Custom",Automatic,1GCRABEK7RZ187322,45495,4,,FALSE,19,22,https://content.homenetiol.com/2000466/2078700/640x480/45c7e36234b24960a44855957afc0f26.jpg,https://www.goschchevy.com/inventory/1GCRABEK7RZ187322/
2024,Chevrolet,Tahoe,NEW,"Tahoe conquers any road with its imposing presence, powerhouse engines, spacious family haven, and tech-guided confidence, making it an off-road-ready giant for boundless adventures. ?",Summit White,Jet Black,4WD 4dr High Country,Automatic,1GNSKTKL5RR120484,90390,2,,FALSE,14,19,https://content.homenetiol.com/2000466/2078700/640x480/2e9f1f32e54d4b2b8c14ae8e02aa84a7.jpg,https://www.goschchevy.com/inventory/1GNSKTKL5RR120484/
2022,Tesla,Model Y,USED,"
The Model Y, a sleek SUV with minimalist design, blends futuristic looks with practical space. While not hardcore off-road, its sporty performance makes it a family-friendly thrill ride, perfect for weekend adventures and everyday errands.",White,,Performance AWD,Automatic,7SAYGDEF2NF406828,37905,22189,"CARFAX One-Owner. Clean CARFAX. Pearl White Multi-Coat 2022 Tesla Model Y Performance AWD 1-Speed Automatic Electric Motor Automatic temperature control, Exterior Parking Camera Rear, Front dual zone A/C, Lane Departure Warning System, Memory seat, Power driver seat, Power Liftgate, Steering wheel memory, Steering wheel mounted A/C controls, Steering wheel mounted audio controls, Telescoping steering wheel, Tilt steering wheel, Wheels: 21 x 9.5 Fr & 21 x 10.5 Rr Uberturbine.Recent Arrival! 115/106 City/Highway MPGIf you have any questions or would like some general information about financing or would like a price quote on a new or used vehicle please call.",FALSE,0,0,https://content.homenetiol.com/2000466/2078700/640x480/3ad1a6abe06a4e829de3ccb9cf285e84.jpg,https://www.goschchevy.com/inventory/7SAYGDEF2NF406828/
2019,Ram,3500,USED,"The Ram 3500, a burly beast with bold looks and towing muscle, conquers off-road adventures and hauls hefty loads, but its spacious cabin begs for weekend family escapades too.",Bright White Clearcoat,Black,"Laramie 4x4 Crew Cab 6'4"" Box",Automatic,3C63R3EJXKG534117,47999,49555,"Clean CARFAX. Bright White Clearcoat 2019 Ram 3500 Laramie 4WD 8-Speed Automatic 6.4L Heavy Duty V8 HEMI w/MDS 2nd Row In Floor Storage Bins, Auto High Beam Headlamp Control, Automatic temperature control, Blind Spot & Cross Path Detection, Exterior Mirrors w/Memory, Foam Bottle Insert (Door Trim Panel), Front dual zone A/C, Laramie Level 1 Equipment Group, Mirror-Mounted Aux Reverse Lamps, ParkView Rear Back-Up Camera, Power Adjustable Convex Aux Mirrors, Power Adjustable Pedals w/Memory, Power Chrome Tow Mirrors w/Convex Spotter & Memory, Protection Group, Quick Order Package 2ZH Laramie, Radio/Driver Seat/Mirrors/Pedals Memory, Rain Sensitive Windshield Wipers, Remote Tailgate Release, Single Disc Remote CD Player, Ventilated Front Seats.If you have any questions or would like some general information about financing or would like a price quote on a new or used vehicle please call.",FALSE,0,0,https://content.homenetiol.com/2000466/2078700/640x480/b35f71e5c9484e6bb021ead915029dc0.jpg,https://www.goschchevy.com/inventory/3C63R3EJXKG534117/
2024,Chevrolet,Silverado 2500HD,NEW," Hauls mountains, tows giants, conquers off-road, yet pampers your crew with surprising comfort",Red Hot,Jet Black,"4WD Crew Cab 159"" LT",Automatic,2GC1YNEY3R1162991,72660,9,,FALSE,0,0,https://content.homenetiol.com/2000466/2078700/640x480/stock_images/8/cc_2024CHT30_01_640/cc_2024CHT300011_01_640_G7C.jpg,https://www.goschchevy.com/inventory/2GC1YNEY3R1162991/
2024,Chevrolet,Silverado 1500,NEW,"Chevrolet Silverado is a great truck that is known for its durability, power, capability, and comfort. It is a popular choice for both work and recreation, and it is a great option for those who are looking for a truck that can handle anything they throw at it.",Summit White,Jet Black,"2WD Crew Cab 157"" LT",Automatic,3GCPACEK1RG159240,53445,8,,FALSE,19,22,https://content.homenetiol.com/2000466/2078700/640x480/839fa4dbe18940fcab8fba342f31199a.jpg,https://www.goschchevy.com/inventory/3GCPACEK1RG159240/
2024,Chevrolet,Silverado 1500,NEW,"Chevrolet Silverado is a great truck that is known for its durability, power, capability, and comfort. It is a popular choice for both work and recreation, and it is a great option for those who are looking for a truck that can handle anything they throw at it.",Summit White,Jet Black,"2WD Crew Cab 157"" LT",Automatic,3GCPACEK5RG159242,53445,7,,FALSE,19,22,https://content.homenetiol.com/2000466/2078700/640x480/a3d617b0cac1453f8b10ddfcc40ccd12.jpg,https://www.goschchevy.com/inventory/3GCPACEK5RG159242/
2024,Chevrolet,Silverado 1500,NEW,"Chevrolet Silverado is a great truck that is known for its durability, power, capability, and comfort. It is a popular choice for both work and recreation, and it is a great option for those who are looking for a truck that can handle anything they throw at it.",Red Hot,Jet Black,"4WD Crew Cab 147"" LT Trail Boss",Automatic,3GCUDFE85RG157894,69310,2,,FALSE,22,27,https://content.homenetiol.com/2000466/2078700/640x480/6e0dc998edb048a5957af257e5bd21ab.jpg,https://www.goschchevy.com/inventory/3GCUDFE85RG157894/
2022,Chevrolet,Traverse,USED,"Traverse tames family chaos with its cavernous comfort, powerful towing muscle, and tech-fueled safety, all wrapped in a rugged, adventure-ready SUV. ????",Silver Ice Metallic,Jet Black,AWD 4dr Premier,Automatic,1GNEVKKW6NJ174121,41724,27761,CARFAX One-Owner. Clean CARFAX. Silver Ice Metallic 2022 Chevrolet Traverse Premier AWD 9-Speed Automatic 3.6L V6 SIDI VVT AWD.Recent Arrival!If you have any questions or would like some general information about financing or would like a price quote on a new or used vehicle please call.,FALSE,17,25,https://content.homenetiol.com/2000466/2078700/640x480/e4f1ac8d54ed435187e4496638a59b43.jpg,https://www.goschchevy.com/inventory/1GNEVKKW6NJ174121/
2024,Chevrolet,Silverado 1500,NEW,"Chevrolet Silverado is a great truck that is known for its durability, power, capability, and comfort. It is a popular choice for both work and recreation, and it is a great option for those who are looking for a truck that can handle anything they throw at it.",Summit White,Jet Black,"4WD Crew Cab 147"" Custom",Automatic,3GCPDBEK1RG211547,50360,11,,FALSE,18,21,https://content.homenetiol.com/2000466/2078700/640x480/d1349e33c87248b0a6d9682df315d41e.jpg,https://www.goschchevy.com/inventory/3GCPDBEK1RG211547/
2024,Chevrolet,Silverado 1500,NEW,"Chevrolet Silverado is a great truck that is known for its durability, power, capability, and comfort. It is a popular choice for both work and recreation, and it is a great option for those who are looking for a truck that can handle anything they throw at it.",Lakeshore Blue Metallic,Jet Black,"4WD Crew Cab 147"" Custom",Automatic,3GCPDBEK1RG212178,63355,11,,FALSE,18,21,https://content.homenetiol.com/2000466/2078700/640x480/6f09f27ec37149bbbf6c52a350f1b50f.jpg,https://www.goschchevy.com/inventory/3GCPDBEK1RG212178/
2024,Chevrolet,Silverado 1500,NEW,"Chevrolet Silverado is a great truck that is known for its durability, power, capability, and comfort. It is a popular choice for both work and recreation, and it is a great option for those who are looking for a truck that can handle anything they throw at it.",Lakeshore Blue Metallic,Jet Black,"4WD Crew Cab 147"" Custom",Automatic,3GCPDBEK7RG212184,50360,11,,FALSE,18,21,https://content.homenetiol.com/2000466/2078700/640x480/1e21fccf7c07442aa3d8b60381e36bf1.jpg,https://www.goschchevy.com/inventory/3GCPDBEK7RG212184/
2023,Chevrolet,Camaro,USED,"Untamed American muscle, roars through corners with heart-pounding thrills, a head-turning silhouette that screams pure driving exhilaration.",Rapid Blue,Jet Black,2dr Conv 1SS,Manual,1G1FF3D72P0107877,45995,19099,CARFAX One-Owner. Beautiful and Rare Rapid Blue 2023 Chevrolet Camaro SS 1SS RWD 10-Speed Automatic 6.2L V816/26 City/Highway MPGIf you have any questions or would like some general information about financing or would like a price quote on a new or used vehicle please call.,FALSE,16,26,https://content.homenetiol.com/2000466/2078700/640x480/3ef9b50a7ded4cdea3255be989e73bff.jpg,https://www.goschchevy.com/inventory/1G1FF3D72P0107877/
2017,Ford,Super Duty F-350 SRW,USED,"Built like a bull, boasting massive presence, the Super Duty F-350 SRW tows trailers like a boss, yet surprises with smooth highway manners, making it as capable hauling the family on adventures as conquering rugged terrain.",White,,King Ranch 4WD Crew Cab 6.75' Box,Automatic,1FT8W3BT3HEB51908,59555,72578,"Clean CARFAX. White Platinum Metallic Tri-Coat 2017 Ford F-350SD King Ranch 4WD TorqShift 6-Speed Automatic Power Stroke 6.7L V8 DI 32V OHV Turbodiesel Automatic temperature control, Exterior Parking Camera Rear, Front dual zone A/C, Navigation System, Steering wheel memory, Steering wheel mounted A/C controls, Steering wheel mounted audio controls, Telescoping steering wheel, Tilt steering wheel, Wheels: 18 Bright Machined Cast Aluminum.Awards:* 2017 KBB.com 10 Most Awarded Brands * 2017 KBB.com Brand Image AwardsIf you have any questions or would like some general information about financing or would like a price quote on a new or used vehicle please call.Reviews:* Turbodiesel V8 generates immense power and torque; stronger frame and suspension enable increased payload and tow ratings; aluminum body reduces overall weight and improves efficiency; spacious new cabs offer many convenience and technology options. Source: Edmunds",FALSE,0,0,https://content.homenetiol.com/2000466/2078700/640x480/8ddcd78cc1d8410aa429b5c1a1cf3e4c.jpg,https://www.goschchevy.com/inventory/1FT8W3BT3HEB51908/
2023,Chevrolet,Bolt EV,NEW,"Bolt EV zaps you with electrifying speed, spacious and tech-savvy interior, and eco-friendly driving, making it a zippy choice for city commutes and green adventures.",Silver Flare Metallic,Jet Black,5dr Wgn 2LT,,1G1FX6S08P4207530,31390,3,,FALSE,0,0,https://content.homenetiol.com/2000466/2078700/640x480/17033cb486634484b9673a50e36ec32d.jpg,https://www.goschchevy.com/inventory/1G1FX6S08P4207530/
2023,Chevrolet,Bolt EUV,NEW,"Bolt EV zaps you with electrifying speed, spacious and tech-savvy interior, and eco-friendly driving, making it a zippy choice for city commutes and green adventures.",Silver Flare Metallic,Jet Black/Nightshift Blue,FWD 4dr LT,,1G1FY6S02P4207696,32075,3,,FALSE,0,0,https://content.homenetiol.com/2000466/2078700/640x480/8d590279806b40ec973ff2201b16e9e4.jpg,https://www.goschchevy.com/inventory/1G1FY6S02P4207696/
2023,Chevrolet,Bolt EUV,NEW,"Bolt EV zaps you with electrifying speed, spacious and tech-savvy interior, and eco-friendly driving, making it a zippy choice for city commutes and green adventures.",Gray Ghost Metallic,Jet Black/Nightshift Blue,FWD 4dr LT,,1G1FY6S05P4207661,32075,2,,FALSE,0,0,https://content.homenetiol.com/2000466/2078700/640x480/stock_images/8/cc_2023CHS35_01_640/cc_2023CHS350001_01_640_GRC.jpg,https://www.goschchevy.com/inventory/1G1FY6S05P4207661/
2024,Chevrolet,Malibu,NEW,"a choice between efficient hybrid and potent gasoline engines, spacious comfort features, and advanced technology, making it a stylish sedan for everyday journeys.",Mineral Gray Metallic,Jet Black,4dr Sdn 1LT,Automatic,1G1ZD5ST6RF157406,28195,2,,FALSE,27,35,https://content.homenetiol.com/2000466/2078700/640x480/stock_images/8/cc_2024CHC11_01_640/cc_2024CHC110009_01_640_G5D.jpg,https://www.goschchevy.com/inventory/1G1ZD5ST6RF157406/
2024,Chevrolet,Trailblazer,NEW," Compact spice with big-SUV swagger, zips through city streets, embraces weekend adventures, tech-savvy companion for work and play.",Mosaic Black Metallic,Jet Black,FWD 4dr LS,,KL79MMSLXRB048937,24790,3,,FALSE,29,33,https://content.homenetiol.com/2000466/2078700/640x480/stock_images/8/cc_2024CHS08_01_640/cc_2024CHS080022_01_640_GB0.jpg,https://www.goschchevy.com/inventory/KL79MMSLXRB048937/
2024,Chevrolet,Trailblazer,NEW," Compact spice with big-SUV swagger, zips through city streets, embraces weekend adventures, tech-savvy companion for work and play.",Summit White,Jet Black,FWD 4dr LT,,KL79MPSL9RB049126,25990,4,,FALSE,29,33,https://content.homenetiol.com/2000466/2078700/640x480/d2beeb67415e47d78fa3bd3c39183b51.jpg,https://www.goschchevy.com/inventory/KL79MPSL9RB049126/
2024,Chevrolet,Trailblazer,NEW," Compact spice with big-SUV swagger, zips through city streets, embraces weekend adventures, tech-savvy companion for work and play.",Summit White,Jet Black,AWD 4dr LT,Automatic,KL79MRSL1RB093732,27595,3,,FALSE,26,29,https://content.homenetiol.com/2000466/2078700/640x480/cf97db706a5f45b19745e31efe2504d9.jpg,https://www.goschchevy.com/inventory/KL79MRSL1RB093732/
2018,Cadillac,ATS-V Coupe,USED,"The ATS-V Coupe cuts a sharp figure with its aggressive angles and optional carbon fiber accents, hinting at the beast within. Under the hood, a twin-turbo V6 roars to life, promising exhilarating performance and a heart-stopping 0-60 in 3.8 seconds.",Black Raven,Jet Black,2dr Cpe,Manual,1G6AL1RY5J0176234,42766,58956,"Clean CARFAX. Black Raven 2018 Cadillac ATS-V RWD 8-Speed Automatic 3.6L V6 110-Volt Power Receptacle, 3.73 Rear Axle Ratio, Advanced Security Package, Bose Premium Speakers Audio System Feature, Bose Premium Surround Sound Speakers, Cadillac User Experience & Navigation, Carbon Fiber Package, Composite Non-Carbon Black Rocker Extensions, Driver Awareness Package, Extra-Aero Rear Spoiler, Following Distance Indicator, Forward Collision Alert, Front Intermittent RainSense Wipers, Gray Brembo Calipers, High-Intensity Discharge Headlamps, Inclination Sensor, IntelliBeam Automatic High Beam On/Off, Lane Change Alert w/Side Blind Zone Alert, Lane Keep Assist w/Lane Departure Warning, Locking Fuel Door, Locking Steering Column, Locking Wheel Lugs, Luxury Package, Preferred Equipment Group 1SV, Radio: Cadillac User Experience w/Embedded Nav, Rear Cross-Traffic Alert, Shielded Theft-Deterrent Alarm System, SiriusXM Satellite Radio, Sport Alloy Pedals, Universal Home Remote.Recent Arrival!If you have any questions or would like some general information about financing or would like a price quote on a new or used vehicle please call.",FALSE,17,25,https://content.homenetiol.com/2000466/2078700/640x480/d3860d5d580e4f9bb0e762377a397aac.jpg,https://www.goschchevy.com/inventory/1G6AL1RY5J0176234/
2024,Chevrolet,Silverado 1500,NEW,"Chevrolet Silverado is a great truck that is known for its durability, power, capability, and comfort. It is a popular choice for both work and recreation, and it is a great option for those who are looking for a truck that can handle anything they throw at it.",Summit White,Jet Black,"4WD Crew Cab 147"" Custom",Automatic,1GCPDBEK4RZ236426,50360,5,,FALSE,18,21,https://content.homenetiol.com/2000466/2078700/640x480/stock_images/8/cc_2024CHT27_01_640/cc_2024CHT270001_01_640_GAZ.jpg,https://www.goschchevy.com/inventory/1GCPDBEK4RZ236426/
2024,Chevrolet,Silverado 1500,NEW,"Chevrolet Silverado is a great truck that is known for its durability, power, capability, and comfort. It is a popular choice for both work and recreation, and it is a great option for those who are looking for a truck that can handle anything they throw at it.",Lakeshore Blue Metallic,Jet Black,"4WD Crew Cab 147"" Custom",Automatic,1GCPDBEK8RZ235487,50360,5,,FALSE,18,21,https://content.homenetiol.com/2000466/2078700/640x480/stock_images/8/cc_2024CHT27_01_640/cc_2024CHT270018_01_640_GXP.jpg,https://www.goschchevy.com/inventory/1GCPDBEK8RZ235487/
2024,Chevrolet,Silverado 1500,NEW,"Chevrolet Silverado is a great truck that is known for its durability, power, capability, and comfort. It is a popular choice for both work and recreation, and it is a great option for those who are looking for a truck that can handle anything they throw at it.",Summit White,Jet Black,"4WD Crew Cab 147"" Custom",Automatic,1GCPDBEK8RZ236798,50360,5,,FALSE,18,21,https://content.homenetiol.com/2000466/2078700/640x480/stock_images/8/cc_2024CHT27_01_640/cc_2024CHT270001_01_640_GAZ.jpg,https://www.goschchevy.com/inventory/1GCPDBEK8RZ236798/
2024,Chevrolet,Blazer,NEW,"Blazer boasts powerful engines, agile handling, spacious comfort, tech-savvy features, and safety options, making it a versatile SUV for adventure seekers.",Black,Jet Black with Red Accents,FWD 4dr RS,Automatic,3GNKBERS0RS196992,47065,2,,FALSE,19,27,https://content.homenetiol.com/2000466/2078700/640x480/stock_images/8/cc_2024CHS09_01_640/cc_2024CHS090005_01_640_GBA.jpg,https://www.goschchevy.com/inventory/3GNKBERS0RS196992/
2024,Chevrolet,Trailblazer,NEW," Compact spice with big-SUV swagger, zips through city streets, embraces weekend adventures, tech-savvy companion for work and play.",Mosaic Black Metallic,Jet Black,FWD 4dr LT,,KL79MPSL9RB046159,25990,3,,FALSE,29,33,https://content.homenetiol.com/2000466/2078700/640x480/8efc1b09c443467f9d7ccbcd4c48fd6b.jpg,https://www.goschchevy.com/inventory/KL79MPSL9RB046159/
2024,Chevrolet,Trailblazer,NEW," Compact spice with big-SUV swagger, zips through city streets, embraces weekend adventures, tech-savvy companion for work and play.",Iridescent Pearl Tricoat,Jet Black,AWD 4dr LT,Automatic,KL79MRSL9RB095258,30725,4,,FALSE,26,29,https://content.homenetiol.com/2000466/2078700/640x480/e960bfb7123f47fdba54c7c17c62639e.jpg,https://www.goschchevy.com/inventory/KL79MRSL9RB095258/
2024,Chevrolet,Silverado 1500,NEW,"Chevrolet Silverado is a great truck that is known for its durability, power, capability, and comfort. It is a popular choice for both work and recreation, and it is a great option for those who are looking for a truck that can handle anything they throw at it.",Summit White,Jet Black,"4WD Crew Cab 147"" Custom",Automatic,1GCPDBEK6RZ236847,50360,2,,FALSE,18,21,https://content.homenetiol.com/2000466/2078700/640x480/stock_images/8/cc_2024CHT27_01_640/cc_2024CHT270001_01_640_GAZ.jpg,https://www.goschchevy.com/inventory/1GCPDBEK6RZ236847/
2024,Chevrolet,Blazer,NEW,"Blazer boasts powerful engines, agile handling, spacious comfort, tech-savvy features, and safety options, making it a versatile SUV for adventure seekers.",Black,Jet Black with Red Accents,FWD 4dr RS,Automatic,3GNKBERS5RS196955,47065,3,,FALSE,19,27,https://content.homenetiol.com/2000466/2078700/640x480/stock_images/8/cc_2024CHS09_01_640/cc_2024CHS090005_01_640_GBA.jpg,https://www.goschchevy.com/inventory/3GNKBERS5RS196955/
2024,Chevrolet,Silverado 1500,NEW,"Chevrolet Silverado is a great truck that is known for its durability, power, capability, and comfort. It is a popular choice for both work and recreation, and it is a great option for those who are looking for a truck that can handle anything they throw at it.",Summit White,Jet Black,"4WD Crew Cab 147"" Custom",Automatic,1GCPDBEK7RZ236906,50360,3,,FALSE,18,21,https://content.homenetiol.com/2000466/2078700/640x480/stock_images/8/cc_2024CHT27_01_640/cc_2024CHT270001_01_640_GAZ.jpg,https://www.goschchevy.com/inventory/1GCPDBEK7RZ236906/
2024,Chevrolet,Trailblazer,NEW," Compact spice with big-SUV swagger, zips through city streets, embraces weekend adventures, tech-savvy companion for work and play.",Iridescent Pearl Tricoat,Jet Black,AWD 4dr LT,Automatic,KL79MRSL8RB094912,30725,3,,FALSE,26,29,https://content.homenetiol.com/2000466/2078700/640x480/e669e0df37e94524b586ad9e791d9949.jpg,https://www.goschchevy.com/inventory/KL79MRSL8RB094912/
2024,Chevrolet,Silverado 1500,NEW,"Chevrolet Silverado is a great truck that is known for its durability, power, capability, and comfort. It is a popular choice for both work and recreation, and it is a great option for those who are looking for a truck that can handle anything they throw at it.",Lakeshore Blue Metallic,Jet Black,"4WD Crew Cab 147"" Custom",Automatic,1GCPDBEK1RZ234990,50360,5,,FALSE,18,21,https://content.homenetiol.com/2000466/2078700/640x480/stock_images/8/cc_2024CHT27_01_640/cc_2024CHT270018_01_640_GXP.jpg,https://www.goschchevy.com/inventory/1GCPDBEK1RZ234990/
2024,Chevrolet,Suburban,NEW,"Full-size, powerful SUV built for families and cargo hauling. Think spacious road trips and conquering weekend adventures.",Black,Jet Black,4WD 4dr High Country,Automatic,1GNSKGKT1RR150041,93900,2,,FALSE,20,26,https://content.homenetiol.com/2000466/2078700/640x480/91f6d5c3aae943c782cb049b69e0962b.jpg,https://www.goschchevy.com/inventory/1GNSKGKT1RR150041/
2023,Chevrolet,Bolt EUV,NEW,"Bolt EV zaps you with electrifying speed, spacious and tech-savvy interior, and eco-friendly driving, making it a zippy choice for city commutes and green adventures.",Gray Ghost Metallic,Jet Black/Nightshift Blue,FWD 4dr LT,,1G1FY6S07P4207483,32075,2,,FALSE,0,0,https://content.homenetiol.com/2000466/2078700/640x480/stock_images/8/cc_2023CHS35_01_640/cc_2023CHS350001_01_640_GRC.jpg,https://www.goschchevy.com/inventory/1G1FY6S07P4207483/
2024,Chevrolet,Suburban,NEW,"Full-size, powerful SUV built for families and cargo hauling. Think spacious road trips and conquering weekend adventures.",Black,Jet Black,4WD 4dr High Country,Automatic,1GNSKGKL7RR155809,94105,4,,FALSE,14,19,https://content.homenetiol.com/2000466/2078700/640x480/94e83ee1df754551b408a443894645ad.jpg,https://www.goschchevy.com/inventory/1GNSKGKL7RR155809/
2024,Chevrolet,Suburban,NEW,"Full-size, powerful SUV built for families and cargo hauling. Think spacious road trips and conquering weekend adventures.",Summit White,Jet Black,4WD 4dr High Country,Automatic,1GNSKGKT9RR153219,93280,2,,FALSE,20,26,https://content.homenetiol.com/2000466/2078700/640x480/d9f0c3deaf4b41cbb7c7942c44f152d7.jpg,https://www.goschchevy.com/inventory/1GNSKGKT9RR153219/
2024,Chevrolet,Suburban,NEW,"Full-size, powerful SUV built for families and cargo hauling. Think spacious road trips and conquering weekend adventures.",Silver Sage Metallic,Jet Black/Victory Red,4WD 4dr RST,Automatic,1GNSKEKD5RR146877,82190,2,,FALSE,15,19,https://content.homenetiol.com/2000466/2078700/640x480/2b05a7b1fea84e81949b7f0a00b670e0.jpg,https://www.goschchevy.com/inventory/1GNSKEKD5RR146877/
2023,Chevrolet,Blazer,USED,"Blazer boasts powerful engines, agile handling, spacious comfort, tech-savvy features, and safety options, making it a versatile SUV for adventure seekers.",Nitro Yellow Metallic,Jet Black with Red Accents,FWD 4dr RS,Automatic,3GNKBERS4PS136906,36450,5329,"CARFAX One-Owner. Clean CARFAX. Nitro Yellow Metallic 2023 Chevrolet Blazer RS FWD 9-Speed Automatic with Overdrive 3.6L V6 SIDI Automatic temperature control, Front dual zone A/C, Heated Steering Wheel, Interior Protection Package (LPO), Power Liftgate, Preferred Equipment Group 1RS, Premium All-Weather Cargo Mat (LPO), Premium All-Weather Floor Mats, Rear Park Assist w/Audible Warning, Steering wheel mounted audio controls.19/27 City/Highway MPGIf you have any questions or would like some general information about financing or would like a price quote on a new or used vehicle please call.",FALSE,19,27,https://content.homenetiol.com/2000466/2078700/640x480/1166d25c33b54f69988435b497dfa070.jpg,https://www.goschchevy.com/inventory/3GNKBERS4PS136906/
2024,Chevrolet,Silverado 1500,NEW,"Chevrolet Silverado is a great truck that is known for its durability, power, capability, and comfort. It is a popular choice for both work and recreation, and it is a great option for those who are looking for a truck that can handle anything they throw at it.",Slate Gray Metallic,Jet Black,"2WD Crew Cab 157"" LT",Automatic,3GCPACEK6RG220646,51345,10,,FALSE,19,22,https://content.homenetiol.com/2000466/2078700/640x480/stock_images/8/cc_2024CHT27_01_640/cc_2024CHT270017_01_640_GNO.jpg,https://www.goschchevy.com/inventory/3GCPACEK6RG220646/
2024,Chevrolet,Silverado 1500,NEW,"Chevrolet Silverado is a great truck that is known for its durability, power, capability, and comfort. It is a popular choice for both work and recreation, and it is a great option for those who are looking for a truck that can handle anything they throw at it.",Lakeshore Blue Metallic,Jet Black,"2WD Crew Cab 147"" Custom",Automatic,1GCPABEK0RZ245228,46840,3,,FALSE,19,22,https://content.homenetiol.com/2000466/2078700/640x480/stock_images/8/cc_2024CHT27_01_640/cc_2024CHT270018_01_640_GXP.jpg,https://www.goschchevy.com/inventory/1GCPABEK0RZ245228/
2024,Chevrolet,Silverado 1500,NEW,"Chevrolet Silverado is a great truck that is known for its durability, power, capability, and comfort. It is a popular choice for both work and recreation, and it is a great option for those who are looking for a truck that can handle anything they throw at it.",Slate Gray Metallic,Jet Black,"2WD Crew Cab 157"" LT",Automatic,3GCPACEK8RG220504,51345,9,,FALSE,19,22,https://content.homenetiol.com/2000466/2078700/640x480/stock_images/8/cc_2024CHT27_01_640/cc_2024CHT270017_01_640_GNO.jpg,https://www.goschchevy.com/inventory/3GCPACEK8RG220504/
2024,Chevrolet,Silverado 1500,NEW,"Chevrolet Silverado is a great truck that is known for its durability, power, capability, and comfort. It is a popular choice for both work and recreation, and it is a great option for those who are looking for a truck that can handle anything they throw at it.",Summit White,Jet Black,"2WD Crew Cab 147"" Custom",Automatic,3GCPABEKXRG168111,48590,12,,FALSE,19,22,https://content.homenetiol.com/2000466/2078700/640x480/stock_images/8/cc_2024CHT27_01_640/cc_2024CHT270001_01_640_GAZ.jpg,https://www.goschchevy.com/inventory/3GCPABEKXRG168111/
2024,Chevrolet,Silverado 1500,NEW,"Chevrolet Silverado is a great truck that is known for its durability, power, capability, and comfort. It is a popular choice for both work and recreation, and it is a great option for those who are looking for a truck that can handle anything they throw at it.",Lakeshore Blue Metallic,Jet Black,"2WD Crew Cab 157"" LT",Automatic,3GCPACEK3RG221012,51345,9,,FALSE,19,22,https://content.homenetiol.com/2000466/2078700/640x480/stock_images/8/cc_2024CHT27_01_640/cc_2024CHT270018_01_640_GXP.jpg,https://www.goschchevy.com/inventory/3GCPACEK3RG221012/
2024,Chevrolet,Silverado 1500,NEW,"Chevrolet Silverado is a great truck that is known for its durability, power, capability, and comfort. It is a popular choice for both work and recreation, and it is a great option for those who are looking for a truck that can handle anything they throw at it.",Lakeshore Blue Metallic,Jet Black,"2WD Crew Cab 157"" LT",Automatic,3GCPACEK7RG221028,51345,10,,FALSE,19,22,https://content.homenetiol.com/2000466/2078700/640x480/stock_images/8/cc_2024CHT27_01_640/cc_2024CHT270018_01_640_GXP.jpg,https://www.goschchevy.com/inventory/3GCPACEK7RG221028/
2024,Chevrolet,Silverado 1500,NEW,"Chevrolet Silverado is a great truck that is known for its durability, power, capability, and comfort. It is a popular choice for both work and recreation, and it is a great option for those who are looking for a truck that can handle anything they throw at it.",Summit White,Jet Black,"4WD Crew Cab 147"" Custom",Automatic,3GCPDBEK3RG211551,50360,10,,FALSE,18,21,https://content.homenetiol.com/2000466/2078700/640x480/stock_images/8/cc_2024CHT27_01_640/cc_2024CHT270001_01_640_GAZ.jpg,https://www.goschchevy.com/inventory/3GCPDBEK3RG211551/
2024,Chevrolet,Silverado 1500,NEW,"Chevrolet Silverado is a great truck that is known for its durability, power, capability, and comfort. It is a popular choice for both work and recreation, and it is a great option for those who are looking for a truck that can handle anything they throw at it.",Lakeshore Blue Metallic,Jet Black,"4WD Crew Cab 147"" Custom",Automatic,3GCPDBEK4RG212174,50360,10,,FALSE,18,21,https://content.homenetiol.com/2000466/2078700/640x480/stock_images/8/cc_2024CHT27_01_640/cc_2024CHT270018_01_640_GXP.jpg,https://www.goschchevy.com/inventory/3GCPDBEK4RG212174/
2024,Chevrolet,Silverado 1500,NEW,"Chevrolet Silverado is a great truck that is known for its durability, power, capability, and comfort. It is a popular choice for both work and recreation, and it is a great option for those who are looking for a truck that can handle anything they throw at it.",Lakeshore Blue Metallic,Jet Black,"4WD Crew Cab 147"" Custom",Automatic,3GCPDBEKXRG212180,50360,10,,FALSE,18,21,https://content.homenetiol.com/2000466/2078700/640x480/stock_images/8/cc_2024CHT27_01_640/cc_2024CHT270018_01_640_GXP.jpg,https://www.goschchevy.com/inventory/3GCPDBEKXRG212180/
2024,Chevrolet,Trax,NEW,"Trax zips through city streets with its peppy engine, fuel-efficient charm, and compact practicality, making it a budget-friendly urban runabout. ",Sterling Gray Metallic,Jet Black/Gray with Red accents,FWD 4dr 1RS,Automatic,KL77LGE2XRC100625,24315,4,,FALSE,28,32,https://content.homenetiol.com/2000466/2078700/640x480/stock_images/8/cc_2024CHS32_01_640/cc_2024CHS320009_01_640_GZB.jpg,https://www.goschchevy.com/inventory/KL77LGE2XRC100625/
2024,Chevrolet,Trax,NEW,"Trax zips through city streets with its peppy engine, fuel-efficient charm, and compact practicality, making it a budget-friendly urban runabout. ",Mosaic Black Metallic,Jet Black with Artemis accents,FWD 4dr ACTIV,Automatic,KL77LKE29RC180163,25790,4,,FALSE,28,32,https://content.homenetiol.com/2000466/2078700/640x480/1e3c962d8be34255a95ad0e074c6da1f.jpg,https://www.goschchevy.com/inventory/KL77LKE29RC180163/
2020,Chevrolet,Silverado 1500,USED,"Chevrolet Silverado is a great truck that is known for its durability, power, capability, and comfort. It is a popular choice for both work and recreation, and it is a great option for those who are looking for a truck that can handle anything they throw at it.",Northsky Blue Metallic,Jet Black,"2WD Crew Cab 157"" LT",Automatic,3GCPWCED1LG355253,31993,53364,"CARFAX One-Owner. Clean CARFAX. Northsky Blue Metallic 2020 Chevrolet Silverado 1500 LT RWD 8-Speed Automatic EcoTec3 5.3L V8 8-Speed Automatic, Black Cloth, 120-Volt Instrument Panel Power Outlet, 2 USB Ports, 2 USB Ports (First Row), 4.2 Diagonal Color Display Driver Info Center, 4-Way Manual Driver Seat Adjuster, All-Star Edition, BluetoothÂ® For Phone, Chrome Grille, Chrome Mirror Caps, Cloth Rear Seat w/Storage Package, Color-Keyed Carpeting Floor Covering, Compass, Convenience Package, Convenience Package II, Deep-Tinted Glass, Front Rubberized Vinyl Floor Mats, HD Radio, HD Rear Vision Camera, Heavy-Duty Rear Locking Differential, Locking Tailgate, Manual Tilt-Wheel Steering Column, OnStar & Chevrolet Connected Services Capable, Power Door Locks, Power Front Windows w/Driver Express Up/Down, Power Front Windows w/Passenger Express Down, Power Rear Windows w/Express Down, Power Sliding Rear Window w/Rear Defogger, Preferred Equipment Group 1LT, Radio: Chevrolet Infotainment 3 Plus System, Rear 60/40 Folding Bench Seat (Folds Up), Rear Rubberized-Vinyl Floor Mats, Rear Vision Camera, Remote Keyless Entry, Single-Zone Manual/Semi-Automatic Air Conditioning, SiriusXM w/360L, Steering Wheel Audio Controls, Steering Wheel Mounted Electronic Cruise Control, Trailering Package, Universal Home Remote, Urethane Steering Wheel, Wheels: 17 x 8 Bright Silver Painted Aluminum.Recent Arrival! Odometer is 10522 miles below market average!If you have any questions or would like some general information about financing or would like a price quote on a new or used vehicle please call.",FALSE,17,24,https://content.homenetiol.com/2000466/2078700/640x480/stock_images/8/cc_2020CHT27_01_640/cc_2020CHT270126_01_640_GA0.jpg,https://www.goschchevy.com/inventory/3GCPWCED1LG355253/
2024,Chevrolet,Trailblazer,NEW," Compact spice with big-SUV swagger, zips through city streets, embraces weekend adventures, tech-savvy companion for work and play.",Fountain Blue,Jet Black,FWD 4dr LS,,KL79MMSLXRB090492,25580,2,,FALSE,29,33,https://content.homenetiol.com/2000466/2078700/640x480/stock_images/8/cc_2024CHS08_01_640/cc_2024CHS080024_01_640_GLN.jpg,https://www.goschchevy.com/inventory/KL79MMSLXRB090492/
2019,Kia,Rio,USED,"The Kia Rio is a fuel-efficient and affordable subcompact car with surprising comfort and tech features, ideal for city driving but lacking the power and cargo space of larger vehicles.",Silky Silver,Black,S Auto,Automatic,3KPA24AB2KE166889,11045,86796,"Silky Silver 2019 Kia Rio S FWD 6-Speed Automatic 1.6L I4 DGI 16V Black Cloth, Apple CarPlay & Android Auto, Exterior Parking Camera Rear, Steering wheel mounted audio controls, Telescoping steering wheel, Tilt steering wheel.28/37 City/Highway MPGIf you have any questions or would like some general information about financing or would like a price quote on a new or used vehicle please call.",FALSE,28,37,https://content.homenetiol.com/2000466/2078700/640x480/stock_images/8/cc_2019KIC03_01_640/cc_2019KIC030017_01_640_4SS.jpg,https://www.goschchevy.com/inventory/3KPA24AB2KE166889/
2024,Chevrolet,Silverado 1500,NEW,"Chevrolet Silverado is a great truck that is known for its durability, power, capability, and comfort. It is a popular choice for both work and recreation, and it is a great option for those who are looking for a truck that can handle anything they throw at it.",Lakeshore Blue Metallic,Jet Black,"2WD Crew Cab 147"" Custom",Automatic,1GCPABEK2RZ245263,46840,2,,FALSE,19,22,https://content.homenetiol.com/2000466/2078700/640x480/stock_images/8/cc_2024CHT27_01_640/cc_2024CHT270018_01_640_GXP.jpg,https://www.goschchevy.com/inventory/1GCPABEK2RZ245263/
2024,Chevrolet,Silverado 1500,NEW,"Chevrolet Silverado is a great truck that is known for its durability, power, capability, and comfort. It is a popular choice for both work and recreation, and it is a great option for those who are looking for a truck that can handle anything they throw at it.",Lakeshore Blue Metallic,Jet Black,"2WD Crew Cab 147"" Custom",Automatic,1GCPABEK4RZ245121,46840,2,,FALSE,19,22,https://content.homenetiol.com/2000466/2078700/640x480/stock_images/8/cc_2024CHT27_01_640/cc_2024CHT270018_01_640_GXP.jpg,https://www.goschchevy.com/inventory/1GCPABEK4RZ245121/
2024,Chevrolet,Silverado 1500,NEW,"Chevrolet Silverado is a great truck that is known for its durability, power, capability, and comfort. It is a popular choice for both work and recreation, and it is a great option for those who are looking for a truck that can handle anything they throw at it.",Lakeshore Blue Metallic,Jet Black,"2WD Crew Cab 147"" Custom",Automatic,1GCPABEK5RZ246522,46840,2,,FALSE,19,22,https://content.homenetiol.com/2000466/2078700/640x480/stock_images/8/cc_2024CHT27_01_640/cc_2024CHT270018_01_640_GXP.jpg,https://www.goschchevy.com/inventory/1GCPABEK5RZ246522/
2024,Chevrolet,Silverado 1500,NEW,"Chevrolet Silverado is a great truck that is known for its durability, power, capability, and comfort. It is a popular choice for both work and recreation, and it is a great option for those who are looking for a truck that can handle anything they throw at it.",Lakeshore Blue Metallic,Jet Black,"2WD Crew Cab 147"" Custom",Automatic,1GCPABEK8RZ245090,46840,2,,FALSE,19,22,https://content.homenetiol.com/2000466/2078700/640x480/stock_images/8/cc_2024CHT27_01_640/cc_2024CHT270018_01_640_GXP.jpg,https://www.goschchevy.com/inventory/1GCPABEK8RZ245090/
2024,Chevrolet,Silverado 1500,NEW,"Chevrolet Silverado is a great truck that is known for its durability, power, capability, and comfort. It is a popular choice for both work and recreation, and it is a great option for those who are looking for a truck that can handle anything they throw at it.",Summit White,Jet Black,"4WD Crew Cab 147"" Custom",Automatic,1GCPDBEK0RZ236486,50360,2,,FALSE,18,21,https://content.homenetiol.com/2000466/2078700/640x480/stock_images/8/cc_2024CHT27_01_640/cc_2024CHT270001_01_640_GAZ.jpg,https://www.goschchevy.com/inventory/1GCPDBEK0RZ236486/
2024,Chevrolet,Trax,NEW,"Trax zips through city streets with its peppy engine, fuel-efficient charm, and compact practicality, making it a budget-friendly urban runabout. ",Mosaic Black Metallic,Jet Black/Gray with Blue accents,FWD 4dr LS,Automatic,KL77LFE20RC200999,21495,2,,FALSE,28,32,https://content.homenetiol.com/2000466/2078700/640x480/stock_images/8/cc_2024CHS32_01_640/cc_2024CHS320003_01_640_GB0.jpg,https://www.goschchevy.com/inventory/KL77LFE20RC200999/
2024,Chevrolet,Trax,NEW,"Trax zips through city streets with its peppy engine, fuel-efficient charm, and compact practicality, making it a budget-friendly urban runabout. ",Mosaic Black Metallic,Jet Black/Gray with Blue accents,FWD 4dr LS,Automatic,KL77LFE21RC201028,21495,2,,FALSE,28,32,https://content.homenetiol.com/2000466/2078700/640x480/stock_images/8/cc_2024CHS32_01_640/cc_2024CHS320003_01_640_GB0.jpg,https://www.goschchevy.com/inventory/KL77LFE21RC201028/
2024,Chevrolet,Trax,NEW,"Trax zips through city streets with its peppy engine, fuel-efficient charm, and compact practicality, making it a budget-friendly urban runabout. ",Mosaic Black Metallic,Jet Black/Gray with Blue accents,FWD 4dr LS,Automatic,KL77LFE22RC200938,21495,2,,FALSE,28,32,https://content.homenetiol.com/2000466/2078700/640x480/stock_images/8/cc_2024CHS32_01_640/cc_2024CHS320003_01_640_GB0.jpg,https://www.goschchevy.com/inventory/KL77LFE22RC200938/
2024,Chevrolet,Trax,NEW,"Trax zips through city streets with its peppy engine, fuel-efficient charm, and compact practicality, making it a budget-friendly urban runabout. ",Mosaic Black Metallic,Jet Black/Gray with Blue accents,FWD 4dr LS,Automatic,KL77LFE22RC200955,21495,2,,FALSE,28,32,https://content.homenetiol.com/2000466/2078700/640x480/stock_images/8/cc_2024CHS32_01_640/cc_2024CHS320003_01_640_GB0.jpg,https://www.goschchevy.com/inventory/KL77LFE22RC200955/
2024,Chevrolet,Trax,NEW,"Trax zips through city streets with its peppy engine, fuel-efficient charm, and compact practicality, making it a budget-friendly urban runabout. ",Mosaic Black Metallic,Jet Black/Gray with Blue accents,FWD 4dr LS,Automatic,KL77LFE28RC201009,21495,2,,FALSE,28,32,https://content.homenetiol.com/2000466/2078700/640x480/stock_images/8/cc_2024CHS32_01_640/cc_2024CHS320003_01_640_GB0.jpg,https://www.goschchevy.com/inventory/KL77LFE28RC201009/
2024,Chevrolet,Trax,NEW,"Trax zips through city streets with its peppy engine, fuel-efficient charm, and compact practicality, making it a budget-friendly urban runabout. ",Cacti Green,Jet Black with Red accents,FWD 4dr 2RS,Automatic,KL77LJE25RC196466,26685,2,,FALSE,28,32,https://content.homenetiol.com/2000466/2078700/640x480/stock_images/8/cc_2024CHS32_01_640/cc_2024CHS320008_01_640_GVR.jpg,https://www.goschchevy.com/inventory/KL77LJE25RC196466/
2024,Chevrolet,Trax,NEW,"Trax zips through city streets with its peppy engine, fuel-efficient charm, and compact practicality, making it a budget-friendly urban runabout. ",Cayenne Orange Metallic,Jet Black with Red accents,FWD 4dr 2RS,Automatic,KL77LJE2XRC000540,27390,2,,FALSE,28,32,https://content.homenetiol.com/2000466/2078700/640x480/stock_images/8/cc_2024CHS32_01_640/cc_2024CHS320005_01_640_GFQ.jpg,https://www.goschchevy.com/inventory/KL77LJE2XRC000540/
2024,Chevrolet,Tahoe,NEW,"Tahoe conquers any road with its imposing presence, powerhouse engines, spacious family haven, and tech-guided confidence, making it an off-road-ready giant for boundless adventures. ?",Summit White,Jet Black,4WD 4dr Z71,Automatic,1GNSKPKD2RR164281,80150,2,,FALSE,15,20,https://content.homenetiol.com/2000466/2078700/640x480/stock_images/8/cc_2024CHS11_01_640/cc_2024CHS110022_01_640_GAZ.jpg,https://www.goschchevy.com/inventory/1GNSKPKD2RR164281/
2024,Chevrolet,Tahoe,NEW,"Tahoe conquers any road with its imposing presence, powerhouse engines, spacious family haven, and tech-guided confidence, making it an off-road-ready giant for boundless adventures. ?",Summit White,Jet Black,4WD 4dr Z71,Automatic,1GNSKPKD3RR164483,80150,2,,FALSE,15,20,https://content.homenetiol.com/2000466/2078700/640x480/stock_images/8/cc_2024CHS11_01_640/cc_2024CHS110022_01_640_GAZ.jpg,https://www.goschchevy.com/inventory/1GNSKPKD3RR164483/
2021,Toyota,Tundra 2WD,USED,The Toyota Tundra is a powerful and stylish full-size truck known for its reliability and tech features,Black,,SR5 CrewMax 5.5' Bed 5.7L (Natl),Automatic,5TFEY5F12MX273983,40395,18430,"Clean CARFAX. Midnight Black Metallic 2021 Toyota Tundra SR5 RWD 6-Speed Automatic Electronic with Overdrive i-Force 5.7L V8 DOHC 32V LEV Black w/Fabric Seat Trim or Fabric Seat Trim w/TRD Off Road/TRD Sport Packages or Leather Seat Trim, Apple CarPlay/Android Auto, Exterior Parking Camera Rear, Steering wheel mounted audio controls, Tilt steering wheel.Recent Arrival! Odometer is 29011 miles below market average!Awards:* JD Power Initial Quality Study (IQS)If you have any questions or would like some general information about financing or would like a price quote on a new or used vehicle please call.",FALSE,13,17,https://content.homenetiol.com/2000466/2078700/640x480/stock_images/8/2021TOT10_640/2021TOT100163_640_01.jpg,https://www.goschchevy.com/inventory/5TFEY5F12MX273983/
2022,Chevrolet,Malibu,USED,"a choice between efficient hybrid and potent gasoline engines, spacious comfort features, and advanced technology, making it a stylish sedan for everyday journeys.",Dark Ash Metallic,Jet Black,4dr Sdn LT,Automatic,1G1ZD5ST6NF200331,18999,12373,"CARFAX One-Owner. Clean CARFAX. Dark Ash Metallic 2022 Chevrolet Malibu LT FWD CVT 1.5L DOHC Jet Black w/Leather-Appointed Seat Trim, 3-Spoke Leather-Wrapped Steering Wheel, Automatic temperature control, Blacked-Out Grille w/Dark Chrome Surround, Exterior Parking Camera Rear, Front & Rear Black Bowties, Front dual zone A/C, Heated Steering Wheel, Inside Rear-View Auto-Dimming Mirror, Leather Package, Leather-Appointed Seat Trim, Leather-Wrapped Shift Knob, Midnight Edition, Nameplate Badge In Black, Preferred Equipment Group 1LT, Sports Edition, Steering wheel mounted audio controls, Telescoping steering wheel, Tilt steering wheel, Wheels: 19 Black-Painted Aluminum.Recent Arrival! Odometer is 22576 miles below market average! 29/36 City/Highway MPGIf you have any questions or would like some general information about financing or would like a price quote on a new or used vehicle please call.",FALSE,29,36,https://content.homenetiol.com/2000466/2078700/640x480/stock_images/8/cc_2022CHC11_01_640/cc_2022CHC110024_01_640_G6M.jpg,https://www.goschchevy.com/inventory/1G1ZD5ST6NF200331/
2024,Chevrolet,Silverado 1500,NEW,"Chevrolet Silverado is a great truck that is known for its durability, power, capability, and comfort. It is a popular choice for both work and recreation, and it is a great option for those who are looking for a truck that can handle anything they throw at it.",Lakeshore Blue Metallic,Jet Black,"2WD Crew Cab 147"" Custom",Automatic,1GCPABEK1RZ251085,46840,2,,FALSE,19,22,https://content.homenetiol.com/2000466/2078700/640x480/stock_images/8/cc_2024CHT27_01_640/cc_2024CHT270018_01_640_GXP.jpg,https://www.goschchevy.com/inventory/1GCPABEK1RZ251085/
2024,Chevrolet,Silverado 1500,NEW,"Chevrolet Silverado is a great truck that is known for its durability, power, capability, and comfort. It is a popular choice for both work and recreation, and it is a great option for those who are looking for a truck that can handle anything they throw at it.",Lakeshore Blue Metallic,Jet Black,"2WD Crew Cab 147"" Custom",Automatic,1GCPABEK0RZ251109,46840,2,,FALSE,19,22,https://content.homenetiol.com/2000466/2078700/640x480/stock_images/8/cc_2024CHT27_01_640/cc_2024CHT270018_01_640_GXP.jpg,https://www.goschchevy.com/inventory/1GCPABEK0RZ251109/
2018,GMC,Terrain,USED,"The GMC Terrain is a stylish compact SUV offering a comfortable ride, advanced technology, and a choice between off-road capability and fuel efficiency",Summit White,Medium Ash Gray/Jet Black,FWD 4dr SLE,Automatic,3GKALMEV9JL407430,16295,76991,,FALSE,26,30,https://content.homenetiol.com/2000466/2078700/640x480/stock_images/8/cc_2018GMS28_01_640/cc_2018GMS280090_01_640_GAZ.jpg,https://www.goschchevy.com/inventory/3GKALMEV9JL407430/
2021,Acura,TLX,USED,"The Acura TLX is a sporty and luxurious midsize sedan that blends performance, comfort, and technology seamlessly.",White,,FWD w/Technology Package,Automatic,19UUB5F44MA014357,29794,24699,,FALSE,22,31,https://content.homenetiol.com/2000466/2078700/640x480/stock_images/8/2021ACC18_640/2021ACC180119_640_01.jpg,https://www.goschchevy.com/inventory/19UUB5F44MA014357/
2024,Chevrolet,Tahoe,NEW,"Tahoe conquers any road with its imposing presence, powerhouse engines, spacious family haven, and tech-guided confidence, making it an off-road-ready giant for boundless adventures. ?",Summit White,Jet Black,4WD 4dr Z71,Automatic,1GNSKPKD8RR165984,80150,2,,FALSE,15,20,https://content.homenetiol.com/2000466/2078700/640x480/stock_images/8/cc_2024CHS11_01_640/cc_2024CHS110022_01_640_GAZ.jpg,https://www.goschchevy.com/inventory/1GNSKPKD8RR165984/
2024,Chevrolet,Tahoe,NEW,"Tahoe conquers any road with its imposing presence, powerhouse engines, spacious family haven, and tech-guided confidence, making it an off-road-ready giant for boundless adventures. ?",Sterling Gray Metallic,Jet Black/Victory Red,4WD 4dr RST,Automatic,1GNSKRKD6RR138746,79755,2,,FALSE,15,20,https://content.homenetiol.com/2000466/2078700/640x480/stock_images/8/cc_2024CHS11_01_640/cc_2024CHS110015_01_640_GXD.jpg,https://www.goschchevy.com/inventory/1GNSKRKD6RR138746/
2021,Chevrolet,Silverado 1500,USED,"Chevrolet Silverado is a great truck that is known for its durability, power, capability, and comfort. It is a popular choice for both work and recreation, and it is a great option for those who are looking for a truck that can handle anything they throw at it.",Satin Steel Metallic,Jet Black,"4WD Crew Cab 147"" RST",Automatic,1GCUYEET5MZ230337,46149,9068,,FALSE,22,26,https://content.homenetiol.com/2000466/2078700/640x480/stock_images/8/cc_2021CHT27_01_640/cc_2021CHT270138_01_640_G9K.jpg,https://www.goschchevy.com/inventory/1GCUYEET5MZ230337/
2017,Chevrolet,Tahoe,USED,"Tahoe conquers any road with its imposing presence, powerhouse engines, spacious family haven, and tech-guided confidence, making it an off-road-ready giant for boundless adventures. ?",Summit White,Jet Black,4WD 4dr Premier,Automatic,1GNSKCKC9HR302445,32995,89173,,FALSE,16,22,https://content.homenetiol.com/2000466/2078700/640x480/stock_images/8/cc_2017CHS110001_01_640/cc_2017CHS110001_01_640_GAZ.jpg,https://www.goschchevy.com/inventory/1GNSKCKC9HR302445/
2020,Chevrolet,Sonic,USED,Fuel-efficient subcompact hatchback perfect for city driving and budget-minded individuals. Imagine easy parking and zipping through traffic.,Kinetic Blue Metallic,Jet Black,4dr Sdn LT,Automatic,1G1JD5SB1L4122196,15994,17070,"CARFAX One-Owner. Clean CARFAX. Kinetic Blue Metallic 2020 Chevrolet Sonic LT FWD 6-Speed Automatic I4 16 Aluminum Wheels, 2 Spare Keys, 3.23 Final Drive Axle Ratio, 3-Spoke Sport Leather-Wrapped Steering Wheel, 6-Way Power Driver Seat Adjuster, Carpeted Front & Rear Deluxe Floor Mats, Compass Display, Convenience Package, Driver Confidence Package, Enhanced Driver Information Center, Forward Collision Alert, Front Fog Lamps, Heated Driver & Front Passenger Seats, Instrument Panel w/Piano Black Accents, Integrated Rear Decklid Spoiler, Keyless Open, Keyless Start, Lane Departure Warning System, Preferred Equipment Group 1SD, Rear Park Assist, Remote Vehicle Starter System, RS Lettering Ornamentation, RS Package, Sport Body Kit, Sporty Rocker Moldings.26/34 City/Highway MPGAwards:* JD Power Initial Quality StudyIf you have any questions or would like some general information about financing or would like a price quote on a new or used vehicle please call.",FALSE,26,34,https://content.homenetiol.com/2000466/2078700/640x480/810d45dd58b34c1c90cf91d95f2da245.jpg,https://www.goschchevy.com/inventory/1G1JD5SB1L4122196/
2020,Chevrolet,Traverse,USED,"Traverse tames family chaos with its cavernous comfort, powerful towing muscle, and tech-fueled safety, all wrapped in a rugged, adventure-ready SUV. ????",,,FWD 4dr LS w/1LS,Automatic,1GNERFKW0LJ104915,0,0,,FALSE,18,27,,https://www.goschchevy.com/inventory/1GNERFKW0LJ104915/
